FirstName,LastName,Name,MiddleInitial,HouseNumber,StreetName,Source,Class
ANDERSON     ,             ,ANDERSON , ,4848,BASSWOOD            ,A,ID4447124106922810001
ANDERSON     ,             ,ANDERSON , ,4848,BASSWOOD            ,A,ID4447124106922810003
ANDERSON     ,             ,ANDERSON , ,4848,BASSWOOD            ,A,ID4447124106922810004
ANDERSON     ,             ,ANDERSON , ,4848,BASSWOOD            ,A,ID4447124106922810002
AQUENDO      , CLARA       ,AQUENDO CLARA,J,666,STARKEY             ,A,ID4447124106881610001
BENITEZ      , LEARONAD    ,BENITEZ LEARONAD,A,660,STARKEY             ,A,ID4447124106879010001
BENITEZ      , SAMUEL      ,BENITEZ SAMUEL,R,660,STARKEY             ,A,ID4447124106879010003
BENITEZ      , DELORES     ,BENITEZ DELORES,R,660,STARKEY             ,A,ID4447124106879010002
BODNER       , JAMEL       ,BODNER JAMEL,C,102,BANK                ,A,ID4447124106897210001
BODNER       , ROSETTA     ,BODNER ROSETTA,L,102,BANK                ,A,ID4447124106897210002
BODNER       , MADGE       ,BODNER MADGE,R,102,BANK                ,A,ID4447124106897210003
BODNER       , ROSALIND    ,BODNER ROSALIND,N,102,BANK                ,A,ID4447124106897210004
BODNER       , CAROLYN     ,BODNER CAROLYN,L,102,BANK                ,A,ID4447124106897210005
CENTURY      , IVAN        ,CENTURY IVAN,R,4906,BASSWOOD            ,A,ID4447124106923610001
CENTURY      , RAMON       ,CENTURY RAMON,L,4906,BASSWOOD            ,A,ID4447124106923610002
CENTURY      , ALICIA      ,CENTURY ALICIA,B,4906,BASSWOOD            ,A,ID4447124106923610003
CHEESMAN     , DONYA       ,CHEESMAN DONYA,L,690,STARKEY             ,A,ID4447124106894910001
CHEESMAN     , DONTE       ,CHEESMAN DONTE, ,690,STARKEY             ,A,ID4447124106894910002
CONYERE      , DOMINIQUE   ,CONYERE DOMINIQUE,S,4836,BASSWOOD            ,A,ID4447124106920210001
CONYERE      , CONNIE      ,CONYERE CONNIE,E,4836,BASSWOOD            ,A,ID4447124106920210002
COSGRAVE     , SEKOV       ,COSGRAVE SEKOV,L,202,BANK                ,A,ID4447124106912910004
COSGRAVE     , TIERRA      ,COSGRAVE TIERRA, ,202,BANK                ,A,ID4447124106912910001
COSGRAVE     , THERSA      ,COSGRAVE THERSA,G,202,BANK                ,A,ID4447124106912910003
COSGRAVE     ,             ,COSGRAVE ,L,202,BANK                ,A,ID4447124106912910002
COSGRAVE     ,             ,COSGRAVE ,C,202,BANK                ,A,ID4447124106912910005
DANIEL LEIVA , SAMMY       ,DANIEL LEIVA SAMMY,J,729,RIDLEY              ,A,ID4447124106899810001
DANIEL LEIVA , THAOLYNN    ,DANIEL LEIVA THAOLYNN,R,729,RIDLEY              ,A,ID4447124106899810002
DARCOURT     ,             ,DARCOURT ,G,4802,BASSWOOD            ,A,ID4447124106915210001
DECANAY      , MICHEAL     ,DECANAY MICHEAL,A,112,MITCHELL            ,A,ID4447124106909510001
DECANAY      , AJASIA      ,DECANAY AJASIA,M,112,MITCHELL            ,A,ID4447124106909510002
DECANAY      , BRIANCE     ,DECANAY BRIANCE,G,112,MITCHELL            ,A,ID4447124106909510003
DIVERS       , MILEORD     ,DIVERS MILEORD,J,658,STARKEY             ,A,ID4447124106877410001
DOMINGUEZ    , FRANKLIN    ,DOMINGUEZ FRANKLIN,K,672,STARKEY             ,A,ID4447124106883210001
DOMINGUEZ    , SHAVON      ,DOMINGUEZ SHAVON,M,672,STARKEY             ,A,ID4447124106883210002
FAUST        , ANNA        ,FAUST ANNA,N,652,STARKEY             ,A,ID4447124106874110001
FISCHGRUND   , WESTLEY     ,FISCHGRUND WESTLEY,M,110,MITCHELL            ,A,ID4447124106908710003
FISCHGRUND   , NADESDIA    ,FISCHGRUND NADESDIA,A,110,MITCHELL            ,A,ID4447124106908710001
FISCHGRUND   , DANYCE      ,FISCHGRUND DANYCE,L,110,MITCHELL            ,A,ID4447124106908710002
GENE         , MICHAEL     ,GENE MICHAEL,C,686,STARKEY             ,A,ID4447124106892310001
GENE         , CASSANDRA   ,GENE CASSANDRA,C,686,STARKEY             ,A,ID4447124106892310002
GIERINGER    , GHOLOM      ,GIERINGER GHOLOM,W,200,BANK                ,A,ID4447124106913710002
GIERINGER    , JEFFERY     ,GIERINGER JEFFERY,W,200,BANK                ,A,ID4447124106913710003
GIERINGER    , JEFFERY     ,GIERINGER JEFFERY,W,200,BANK                ,A,ID4447124106913710004
GIERINGER    , DOUGLAS     ,GIERINGER DOUGLAS,D,200,BANK                ,A,ID4447124106913710005
GIERINGER    , MAIRE       ,GIERINGER MAIRE,T,200,BANK                ,A,ID4447124106913710001
GREEN        , TEMPESTT    ,GREEN TEMPESTT,Z,4816,BASSWOOD            ,A,ID4447124106917810001
GREEN        ,             ,GREEN ,L,4816,BASSWOOD            ,A,ID4447124106917810002
HENNEGGEY    ,             ,HENNEGGEY ,L,102,MITCHELL            ,A,ID4447124106906110001
HENNEGGEY    ,             ,HENNEGGEY ,L,102,MITCHELL            ,A,ID4447124106906110002
HILL         , RAYMOND     ,HILL RAYMOND,G,4810,BASSWOOD            ,A,ID4447124106916010001
JIMENCZ      , IRVIN       ,JIMENCZ IRVIN,V,214,BANK                ,A,ID4447124106910310001
JIMENCZ      , AUNDERE     ,JIMENCZ AUNDERE,V,214,BANK                ,A,ID4447124106910310003
JIMENCZ      , WILLPAMINA  ,JIMENCZ WILLPAMINA,S,214,BANK                ,A,ID4447124106910310002
JIMENEZ      , BARBARA     ,JIMENEZ BARBARA,M,674,STARKEY             ,A,ID4447124106885710001
KAY          ,             ,KAY , ,4926,BASSWOOD            ,A,ID4447124258794710001
KELLY        ,             ,KELLY , ,4932,BASSWOOD            ,A,ID4447124258795410001
KILLION      , JORGE       ,KILLION JORGE,L,4914,BASSWOOD            ,A,ID4447124106924410001
LAKATOS      , TONYA       ,LAKATOS TONYA,M,206,BANK                ,A,ID4447124106911110002
LAKATOS      , DANEILLE    ,LAKATOS DANEILLE,S,206,BANK                ,A,ID4447124106911110001
LASSITER     ,             ,LASSITER ,J,654,STARKEY             ,A,ID4447124106875810001
LASSITER     ,             ,LASSITER , ,654,STARKEY             ,A,ID4447124106875810002
LASSITER     , DOROTHEA    ,LASSITER DOROTHEA,K,656,STARKEY             ,A,ID4447124106876610001
LASSITER     , LELIA       ,LASSITER LELIA, ,656,STARKEY             ,A,ID4447124106876610002
LETO         , JOSEPH      ,LETO JOSEPH,E,104,MITCHELL            ,A,ID4447124106907910001
MALDONADO    , DEWIGHT     ,MALDONADO DEWIGHT,B,678,STARKEY             ,A,ID4447124106887310002
MALDONADO    , MARQUISE    ,MALDONADO MARQUISE, ,678,STARKEY             ,A,ID4447124106887310003
MALDONADO    , MABLE       ,MALDONADO MABLE, ,678,STARKEY             ,A,ID4447124106887310001
MALENDES     ,             ,MALENDES , ,705,RIDLEY              ,A,ID4447124106905310002
MALENDES     ,             ,MALENDES ,A,705,RIDLEY              ,A,ID4447124106905310001
MCCLAIN      ,             ,MCCLAIN , ,4920,BASSWOOD            ,A,ID4447124106925120002
MOSQUERA     , AISHA       ,MOSQUERA AISHA,C,682,STARKEY             ,A,ID4447124106890710001
MOSQUERA     , ANDREA      ,MOSQUERA ANDREA,G,682,STARKEY             ,A,ID4447124106890710004
MOSQUERA     , ROMINE      ,MOSQUERA ROMINE,O,682,STARKEY             ,A,ID4447124106890710002
MOSQUERA     , TANYA       ,MOSQUERA TANYA,O,682,STARKEY             ,A,ID4447124106890710003
MOSQUERA     , PRINCETTA   ,MOSQUERA PRINCETTA,D,682,STARKEY             ,A,ID4447124106890710005
MOSQUERA     , LAKESHIA    ,MOSQUERA LAKESHIA,O,682,STARKEY             ,A,ID4447124106890710006
MOSQUERA     , HERMEN      ,MOSQUERA HERMEN,M,684,STARKEY             ,A,ID4447124106891510001
PAIGIE       , XANTHE      ,PAIGIE XANTHE,N,4830,BASSWOOD            ,A,ID4447124106919410002
PARVA        , JEMES       ,PARVA JEMES,V,676,STARKEY             ,A,ID4447124106886510001
PARVA        ,             ,PARVA ,G,676,STARKEY             ,A,ID4447124106886510002
RODRIGUEZ    , TOWANDA     ,RODRIGUEZ TOWANDA,S,670,STARKEY             ,A,ID4447124106882410001
RODRIGUEZ    , GEARLDINE   ,RODRIGUEZ GEARLDINE, ,670,STARKEY             ,A,ID4447124106882410002
ROUNSEVELLE  , DEREK       ,ROUNSEVELLE DEREK, ,100,BANK                ,A,ID4447124106896410001
SKANOS       , DAVON       ,SKANOS DAVON,B,104,BANK                ,A,ID4447124106898010001
SKANOS       , LENORA      ,SKANOS LENORA,S,104,BANK                ,A,ID4447124106898010002
TORRES       , RANDOLPH    ,TORRES RANDOLPH,E,680,STARKEY             ,A,ID4447124106889910001
TORRES       , FREEMAN     ,TORRES FREEMAN,R,680,STARKEY             ,A,ID4447124106889910002
VALDES       , WAYNE       ,VALDES WAYNE,H,723,RIDLEY              ,A,ID4447124106904610001
VALDES       , THRESA      ,VALDES THRESA, ,723,RIDLEY              ,A,ID4447124106904610002
VARGAS       , BRANDEN     ,VARGAS BRANDEN,R,664,STARKEY             ,A,ID4447124106880810001
VARGAS       , ALEXANDER   ,VARGAS ALEXANDER,R,664,STARKEY             ,A,ID4447124106880810002
VARGAS       , ELIZABETH   ,VARGAS ELIZABETH,L,664,STARKEY             ,A,ID4447124106880810003
VARGAS       , THUYKIM     ,VARGAS THUYKIM, ,727,RIDLEY              ,A,ID4447124106900410001
WEBSTER      , DANNY       ,WEBSTER DANNY,A,4842,BASSWOOD            ,A,ID4447124106921010002
WEBSTER      , SHALLY      ,WEBSTER SHALLY, ,4842,BASSWOOD            ,A,ID4447124106921010001
WICZALKOWSKI , ALEXANDER   ,WICZALKOWSKI ALEXANDER,J,210,BANK                ,A,ID4447124106914510001
WICZALKOWSKI , DOLORES     ,WICZALKOWSKI DOLORES,A,210,BANK                ,A,ID4447124106914510002
BANK         ,             ,BANK ,D,6540,MALIBU              ,A,ID4448125110715010004
BANK         ,             ,BANK , ,6540,MALIBU              ,A,ID4448125110715010005
BANK         ,             ,BANK ,A,6540,MALIBU              ,A,ID4448125110715010001
BANK         ,             ,BANK ,P,6540,MALIBU              ,A,ID4448125110715010002
BANK         ,             ,BANK ,P,6540,MALIBU              ,A,ID4448125110715010003
BARNES       ,             ,BARNES ,B,6550,MALIBU              ,A,ID4448125110796010002
BARNES       ,             ,BARNES ,C,6550,MALIBU              ,A,ID4448125110796010001
BURGERSS     ,             ,BURGERSS ,L,6556,MALIBU              ,A,ID4448125110797810002
BURGERSS     ,             ,BURGERSS ,D,6556,MALIBU              ,A,ID4448125110797810003
BURGERSS     ,             ,BURGERSS ,L,6556,MALIBU              ,A,ID4448125110797810001
BURGESS      ,             ,BURGESS ,L,6560,MALIBU              ,A,ID4448125110798610004
BURGESS      ,             ,BURGESS ,E,6560,MALIBU              ,A,ID4448125110798610001
BURGESS      ,             ,BURGESS ,C,6560,MALIBU              ,A,ID4448125110798610002
BURGESS      ,             ,BURGESS ,D,6560,MALIBU              ,A,ID4448125110798610003
BURRISS      ,             ,BURRISS ,A,6500,MALIBU              ,A,ID4448125110699610001
BURRISS      ,             ,BURRISS , ,6500,MALIBU              ,A,ID4448125110699610002
BURRISS      ,             ,BURRISS , ,6500,MALIBU              ,A,ID4448125110699610003
BUTLER       ,             ,BUTLER , ,6546,MALIBU              ,A,ID4448125110795210001
CHISOLM      ,             ,CHISOLM ,A,6578,MALIBU              ,A,ID4448125110801810002
CHISOLM      ,             ,CHISOLM ,J,6578,MALIBU              ,A,ID4448125110801810001
COATES       ,             ,COATES , ,6566,MALIBU              ,A,ID4448125110800010001
CONRON       , LATISHA     ,CONRON LATISHA,D,110,ELDORADO            ,A,ID4448125110811710001
COTTEN       ,             ,COTTEN ,C,6526,MALIBU              ,A,ID4448125110714310002
COTTEN       ,             ,COTTEN ,R,6526,MALIBU              ,A,ID4448125110714310003
COTTEN       ,             ,COTTEN ,A,6526,MALIBU              ,A,ID4448125110714310001
DIGGS        ,             ,DIGGS ,A,4952,BASSWOOD            ,A,ID4448125110698810002
DIGGS        ,             ,DIGGS ,A,4952,BASSWOOD            ,A,ID4448125110698810001
DORSIE       ,             ,DORSIE ,A,117,ELDORADO            ,A,ID4448125110818210001
DUNNOCK      ,             ,DUNNOCK ,M,953,CARL VINSON         ,A,ID4448125110805910001
GOINS        ,             ,GOINS ,L,115,ELDORADO            ,A,ID4448125110819010001
GOINS        ,             ,GOINS ,T,115,ELDORADO            ,A,ID4448125110819010002
GOINS        ,             ,GOINS ,R,115,ELDORADO            ,A,ID4448125110819010003
GOINS        ,             ,GOINS , ,115,ELDORADO            ,A,ID4448125110819010004
GOWANS       ,             ,GOWANS ,D,6520,MALIBU              ,A,ID4448125110705110002
GOWANS       ,             ,GOWANS ,M,6520,MALIBU              ,A,ID4448125110705110001
HOERRLING    , REFUS       ,HOERRLING REFUS,D,114,ELDORADO            ,A,ID4448125110816610003
HOERRLING    , CHRISTOPHER ,HOERRLING CHRISTOPHER,D,114,ELDORADO            ,A,ID4448125110816610004
HOERRLING    , ZACHARY     ,HOERRLING ZACHARY,B,114,ELDORADO            ,A,ID4448125110816610005
HOERRLING    , TRAINA      ,HOERRLING TRAINA,A,114,ELDORADO            ,A,ID4448125110816610001
HOERRLING    , ANA         ,HOERRLING ANA,C,114,ELDORADO            ,A,ID4448125110816610002
HOLMES       , GERALDO     ,HOLMES GERALDO,S,108,ELDORADO            ,A,ID4448125110808310002
HOLMES       , FRANCISCO   ,HOLMES FRANCISCO,D,108,ELDORADO            ,A,ID4448125110808310003
HOLMES       , ERICK       ,HOLMES ERICK,D,108,ELDORADO            ,A,ID4448125110808310004
HOLMES       , LUCILLE     ,HOLMES LUCILLE,W,108,ELDORADO            ,A,ID4448125110808310001
HOLMES       ,             ,HOLMES , ,108,ELDORADO            ,A,ID4448125110808310005
HUGGINCHES   ,             ,HUGGINCHES ,R,109,ELDORADO            ,A,ID4448125110822410001
HUGGINCHES   ,             ,HUGGINCHES ,R,109,ELDORADO            ,A,ID4448125110822410002
HUGGINCHES   ,             ,HUGGINCHES ,A,109,ELDORADO            ,A,ID4448125110822410004
HUGGINCHES   ,             ,HUGGINCHES ,M,109,ELDORADO            ,A,ID4448125110822410003
HUTCHINSON   ,             ,HUTCHINSON , ,112,ELDORADO            ,A,ID4448125110815810005
HUTCHINSON   ,             ,HUTCHINSON , ,112,ELDORADO            ,A,ID4448125110815810001
HUTCHINSON   ,             ,HUTCHINSON , ,112,ELDORADO            ,A,ID4448125110815810003
HUTCHINSON   ,             ,HUTCHINSON , ,112,ELDORADO            ,A,ID4448125110815810004
LEVEN        ,             ,LEVEN ,M,957,CARL VINSON         ,A,ID4448125110817410001
MATKIN       ,             ,MATKIN ,L,6514,MALIBU              ,A,ID4448125110702810002
MATKIN       ,             ,MATKIN ,L,6514,MALIBU              ,A,ID4448125110702810003
MATKIN       ,             ,MATKIN , ,6514,MALIBU              ,A,ID4448125110702810004
MATKIN       ,             ,MATKIN , ,6514,MALIBU              ,A,ID4448125110702810001
OWENS        ,             ,OWENS ,L,6508,MALIBU              ,A,ID4448125110701010004
OWENS        ,             ,OWENS ,G,6508,MALIBU              ,A,ID4448125110701010006
OWENS        ,             ,OWENS ,E,6508,MALIBU              ,A,ID4448125110701010001
OWENS        ,             ,OWENS ,T,6508,MALIBU              ,A,ID4448125110701010002
OWENS        ,             ,OWENS ,N,6508,MALIBU              ,A,ID4448125110701010003
OWENS        ,             ,OWENS ,S,6508,MALIBU              ,A,ID4448125110701010005
PAIGE        ,             ,PAIGE , ,106,ELDORADO            ,A,ID4448125110807510001
SPRINGGS     , ROY         ,SPRINGGS ROY, ,113,ELDORADO            ,A,ID4448125110820810001
SYKES        ,             ,SYKES , ,4901,MONTEGO             ,A,ID4448125110803410002
SYKES        ,             ,SYKES , ,4901,MONTEGO             ,A,ID4448125110803410003
SYKES        ,             ,SYKES , ,4901,MONTEGO             ,A,ID4448125110803410001
SYKES        ,             ,SYKES , ,4901,MONTEGO             ,A,ID4448125110803410004
THOMPSON     , ROSETTA     ,THOMPSON ROSETTA, ,6532,MALIBU              ,A,ID4448125110804210001
TREZEVANT    , JACQUELINE  ,TREZEVANT JACQUELINE,M,111,ELDORADO            ,A,ID4448125110821610001
TREZEVANT    , ANA         ,TREZEVANT ANA,M,111,ELDORADO            ,A,ID4448125110821610002
TREZEVANT    ,             ,TREZEVANT ,T,111,ELDORADO            ,A,ID4448125110821610003
WHITAKER     ,             ,WHITAKER ,F,4913,MONTEGO             ,A,ID4448125110802610002
WHITAKER     ,             ,WHITAKER ,C,4913,MONTEGO             ,A,ID4448125110802610001
WHITAKER     ,             ,WHITAKER ,M,4913,MONTEGO             ,A,ID4448125110802610003
WHITAKER     ,             ,WHITAKER ,T,4913,MONTEGO             ,A,ID4448125110802610004
1RUMOR       , DIWALDO     ,1RUMOR DIWALDO,A,3820,HWY 54              ,A,ID4450127238368310004
1RUMOR       , BERNADINA   ,1RUMOR BERNADINA, ,3820,HWY 54              ,A,ID4450127238368310001
1RUMOR       , TERRAN      ,1RUMOR TERRAN,L,3820,HWY 54              ,A,ID4450127238368310003
1RUMOR       , ZAKIYA      ,1RUMOR ZAKIYA,A,3820,HWY 54              ,A,ID4450127238368310005
1RUMOR       ,             ,1RUMOR ,A,3820,HWY 54              ,A,ID4450127238368310002
ALSTIN       , LEO         ,ALSTIN LEO,E,612,OCONEE              ,A,ID4450127238387310002
ALSTIN       , MICHEAL     ,ALSTIN MICHEAL, ,612,OCONEE              ,A,ID4450127238387310003
ALSTIN       , ROSE        ,ALSTIN ROSE, ,612,OCONEE              ,A,ID4450127238387310001
CAMPBELL     , ANTONINO    ,CAMPBELL ANTONINO,E,604,OCONEE              ,A,ID4450127238383210002
CAMPBELL     , JESSICA     ,CAMPBELL JESSICA,A,604,OCONEE              ,A,ID4450127238383210001
CAMPBELL     , MARINELA    ,CAMPBELL MARINELA,E,604,OCONEE              ,A,ID4450127238383210004
CAMPBELL     ,             ,CAMPBELL ,D,604,OCONEE              ,A,ID4450127238383210005
CARR         , DARRYL      ,CARR DARRYL,B,501,RUBY                ,A,ID4450127238376610001
CARR         , BERRY       ,CARR BERRY,J,501,RUBY                ,A,ID4450127238376610003
CARR         , ROSELINE    ,CARR ROSELINE,D,501,RUBY                ,A,ID4450127238376610002
CARTER       , RODRICK     ,CARTER RODRICK, ,14135,22ND                ,A,ID4450127238404610002
CARTER       , JOANNIE     ,CARTER JOANNIE, ,14135,22ND                ,A,ID4450127238404610001
CAVAJEL      , ADMAN       ,CAVAJEL ADMAN,L,607,MARTIN LUTHER K     ,A,ID4450127238379010003
CAVAJEL      , STEPHEN     ,CAVAJEL STEPHEN,D,607,MARTIN LUTHER K     ,A,ID4450127238379010004
CAVAJEL      , MALISSA     ,CAVAJEL MALISSA,L,607,MARTIN LUTHER K     ,A,ID4450127238379010001
CAVAJEL      , SARAH       ,CAVAJEL SARAH,L,607,MARTIN LUTHER K     ,A,ID4450127238379010002
CHAMBARS     , LAWRENCE    ,CHAMBARS LAWRENCE, ,14180,22ND                ,A,ID4450127238398010001
CHAMBARS     , EUGENE      ,CHAMBARS EUGENE,F,14180,22ND                ,A,ID4450127238398010002
COLBY        ,             ,COLBY ,J,303,MAIN                ,A,ID4450127238358410001
COUPE        , MARKO       ,COUPE MARKO, ,104,GEORGE              ,A,ID4450127238350110001
COUPE        ,             ,COUPE ,P,104,GEORGE              ,A,ID4450127238350110002
CRIDER       , GUILLERMO   ,CRIDER GUILLERMO,E,106,WARE                ,A,ID4450127238362610001
CRIDER       , MARCO       ,CRIDER MARCO,M,106,WARE                ,A,ID4450127238362610002
DAVIES       , W           ,DAVIES W,U,14220,22ND                ,A,ID4450127238399810001
DAVIES       , MICHELE     ,DAVIES MICHELE,N,14220,22ND                ,A,ID4450127238399810002
DAVIES       , RENEE       ,DAVIES RENEE,M,14220,22ND                ,A,ID4450127238399810003
DAVIES       , SARAH       ,DAVIES SARAH,N,14220,22ND                ,A,ID4450127238399810004
DEGRAENED    , GERARDO     ,DEGRAENED GERARDO,D,128,WARE                ,A,ID4450127238359210001
DEGRAENED    , ALLAN       ,DEGRAENED ALLAN,R,128,WARE                ,A,ID4450127238359210002
DORMAN       ,             ,DORMAN ,W,616,OCONEE              ,A,ID4450127238389910001
DORMAN       ,             ,DORMAN ,R,616,OCONEE              ,A,ID4450127238389910002
DORMAN       ,             ,DORMAN ,N,616,OCONEE              ,A,ID4450127238389910003
DOWOKAKOKO   , GREG        ,DOWOKAKOKO GREG,S,103,JOHNSON             ,A,ID4450127238354310001
DOWOKAKOKO   , A           ,DOWOKAKOKO A,A,103,JOHNSON             ,A,ID4450127238354310003
DOWOKAKOKO   ,             ,DOWOKAKOKO ,A,103,JOHNSON             ,A,ID4450127238354310002
EASLEY       , MATTHEW     ,EASLEY MATTHEW, ,613,MARTIN LUTHER K     ,A,ID4450127238378210004
EASLEY       , FLORIPE     ,EASLEY FLORIPE,D,613,MARTIN LUTHER K     ,A,ID4450127238378210001
EASLEY       , KERI        ,EASLEY KERI,D,613,MARTIN LUTHER K     ,A,ID4450127238378210002
EASLEY       , NILSA       ,EASLEY NILSA,D,613,MARTIN LUTHER K     ,A,ID4450127238378210003
ELLIOTT      , CHERYL      ,ELLIOTT CHERYL, ,102,CHURCH              ,A,ID4450127238355010001
ELLIOTT      , FLAINE      ,ELLIOTT FLAINE,A,102,CHURCH              ,A,ID4450127238355010002
ERVINE       , ALE JARDRO  ,ERVINE ALE JARDRO,A,601,MARTIN LUTHER K     ,A,ID4450127238381610002
ERVINE       , JUAN        ,ERVINE JUAN,E,601,MARTIN LUTHER K     ,A,ID4450127238381610003
ERVINE       , ZIONARA     ,ERVINE ZIONARA,T,601,MARTIN LUTHER K     ,A,ID4450127238381610001
ERVINE       ,             ,ERVINE ,E,601,MARTIN LUTHER K     ,A,ID4450127238381610004
FREY         , ETHNY       ,FREY ETHNY,B,14225,22ND                ,A,ID4450127238406110001
GARRETT      , SHAWNETT    ,GARRETT SHAWNETT,R,124,WARE                ,A,ID4450127238360010001
GARRETT      , HARRIET     ,GARRETT HARRIET,R,124,WARE                ,A,ID4450127238360010002
GORDON       , KRISTY      ,GORDON KRISTY,L,303,WOODHAVEN           ,A,ID4450127238349310001
GORDON       , DIANE       ,GORDON DIANE,M,303,WOODHAVEN           ,A,ID4450127238349310002
GORDON       , ROSEMARIE   ,GORDON ROSEMARIE, ,303,WOODHAVEN           ,A,ID4450127238349310003
GRANER       , DANIEL      ,GRANER DANIEL, ,100,GEORGE              ,A,ID4450127238352710002
GRANER       , ROBERT      ,GRANER ROBERT,R,100,GEORGE              ,A,ID4450127238352710003
GRANER       , MARJORIE    ,GRANER MARJORIE,A,100,GEORGE              ,A,ID4450127238352710001
GREENE       , EDUARDSO    ,GREENE EDUARDSO,A,606,OCONEE              ,A,ID4450127238384010001
GREENE       , SONDRA      ,GREENE SONDRA,C,606,OCONEE              ,A,ID4450127238384010002
GREENE       , ANN         ,GREENE ANN,A,606,OCONEE              ,A,ID4450127238384010003
GREENE       , MICHELE     ,GREENE MICHELE,M,606,OCONEE              ,A,ID4450127238384010004
GREENE       , ROSETA      ,GREENE ROSETA,A,606,OCONEE              ,A,ID4450127238384010005
GUIDETI      ,             ,GUIDETI ,D,3454,HWY 54              ,A,ID4450127238365910002
HAMMONDS     , JAMES       ,HAMMONDS JAMES,C,505,RUBY                ,A,ID4450127238374110002
HAMMONDS     , LENWOOD     ,HAMMONDS LENWOOD,M,505,RUBY                ,A,ID4450127238374110003
HAMMONDS     , TRACEY      ,HAMMONDS TRACEY,R,505,RUBY                ,A,ID4450127238374110001
HANKINS      , STEPHENE    ,HANKINS STEPHENE, ,14215,22ND                ,A,ID4450127238405310002
HANKINS      , PAYMM       ,HANKINS PAYMM,T,14215,22ND                ,A,ID4450127238405310001
HEAVENER     ,             ,HEAVENER ,R,608,OCONEE              ,A,ID4450127238385710001
HEAVENER     ,             ,HEAVENER ,R,608,OCONEE              ,A,ID4450127238385710003
HEAVENER     ,             ,HEAVENER ,V,608,OCONEE              ,A,ID4450127238385710002
HETTERICH    , JOHNNY      ,HETTERICH JOHNNY, ,503,RUBY                ,A,ID4450127238375810001
HOLLEY       , MICHEAL     ,HOLLEY MICHEAL,T,14170,22ND                ,A,ID4450127238397210001
HOLLEY       , DIMON       ,HOLLEY DIMON,T,14170,22ND                ,A,ID4450127238397210003
HOLLEY       , KATHERINE   ,HOLLEY KATHERINE,A,14170,22ND                ,A,ID4450127238397210002
HOLLEY       , CHARLOTTE   ,HOLLEY CHARLOTTE,E,14170,22ND                ,A,ID4450127238397210004
HUDSON       , JACQUELINE  ,HUDSON JACQUELINE, ,3886,HWY 54              ,A,ID4450127238372510001
HUSSEINKHEL  , ARCHIE      ,HUSSEINKHEL ARCHIE, ,614,OCONEE              ,A,ID4450127238388110002
HUSSEINKHEL  ,             ,HUSSEINKHEL , ,614,OCONEE              ,A,ID4450127238388110001
KEARNS       ,             ,KEARNS ,A,626,OCONEE              ,A,ID4450127238394910003
KEARNS       ,             ,KEARNS , ,626,OCONEE              ,A,ID4450127238394910004
KEARNS       ,             ,KEARNS ,E,626,OCONEE              ,A,ID4450127238394910001
KEARNS       ,             ,KEARNS ,M,626,OCONEE              ,A,ID4450127238394910002
KEICHENBERG  , SUSAN       ,KEICHENBERG SUSAN,L,14150,22ND                ,A,ID4450127238395610001
KEICHENBERG  , JUDY        ,KEICHENBERG JUDY,A,14150,22ND                ,A,ID4450127238395610002
KLEIMAN      , ANTONIO     ,KLEIMAN ANTONIO,B,622,OCONEE              ,A,ID4450127238391510002
KLEIMAN      , JOCELYN     ,KLEIMAN JOCELYN,V,622,OCONEE              ,A,ID4450127238391510001
LESKO        , CLEARANCE   ,LESKO CLEARANCE, ,610,OCONEE              ,A,ID4450127238386510001
LESKO        , BEN         ,LESKO BEN, ,610,OCONEE              ,A,ID4450127238386510002
LESKO        ,             ,LESKO , ,610,OCONEE              ,A,ID4450127238386510003
MACCIO       , ORESTE      ,MACCIO ORESTE,S,106,WARE                ,A,ID4450127238364210001
MACCIO       , OLIVIA      ,MACCIO OLIVIA,E,106,WARE                ,A,ID4450127238364210002
MARTINEZ STG , ERIKA       ,MARTINEZ STG ERIKA,M,14255,22ND                ,A,ID4450127238409510001
MARTINEZ STG ,             ,MARTINEZ STG , ,14255,22ND                ,A,ID4450127238409510002
MARTINEZ STG ,             ,MARTINEZ STG , ,14255,22ND                ,A,ID4450127238409510003
MCALLISTER   , GEOFFREY    ,MCALLISTER GEOFFREY,M,14270,22ND                ,A,ID4450127238403810002
MCALLISTER   , JEANETTE    ,MCALLISTER JEANETTE,M,14270,22ND                ,A,ID4450127238403810001
MOHRING      , DOMINIQUE   ,MOHRING DOMINIQUE,B,701,31ST                ,A,ID4450127257775510002
MOHRING      , JANICE      ,MOHRING JANICE,M,701,31ST                ,A,ID4450127257775510001
MOSES        , SHIRLEG     ,MOSES SHIRLEG, ,305,WOODHAVEN           ,A,ID4450127238348510001
OBROCK       ,             ,OBROCK ,G,3732,HWY 54              ,A,ID4450127238367510001
PEARL        ,             ,PEARL , ,209,MAIN                ,A,ID4450127238357610001
PEARL        ,             ,PEARL ,C,209,MAIN                ,A,ID4450127238357610002
RAGLIN       , REYAN       ,RAGLIN REYAN, ,14160,22ND                ,A,ID4450127238396410001
REAVES       ,             ,REAVES ,B,625,MARTIN LUTHER K     ,A,ID4450127238377410001
REAVES       ,             ,REAVES ,J,625,MARTIN LUTHER K     ,A,ID4450127238377410003
REAVES       ,             ,REAVES ,D,625,MARTIN LUTHER K     ,A,ID4450127238377410002
RODRIGUEZ    , QUENTIN     ,RODRIGUEZ QUENTIN,R,14235,22ND                ,A,ID4450127238407910002
RODRIGUEZ    , STEPHANIE   ,RODRIGUEZ STEPHANIE,R,14235,22ND                ,A,ID4450127238407910001
ROTHSHILD    , PHILLIP     ,ROTHSHILD PHILLIP, ,14240,22ND                ,A,ID4450127238401210003
ROTHSHILD    , J           ,ROTHSHILD J,L,14240,22ND                ,A,ID4450127238401210001
ROTHSHILD    , HILLIARD    ,ROTHSHILD HILLIARD,E,14240,22ND                ,A,ID4450127238401210002
RUDASILL     , DOMINIC     ,RUDASILL DOMINIC,A,122,WARE                ,A,ID4450127238361810002
RUDASILL     , SEPTIMIA    ,RUDASILL SEPTIMIA,E,122,WARE                ,A,ID4450127238361810004
RUDASILL     , KIMBERLY    ,RUDASILL KIMBERLY,L,122,WARE                ,A,ID4450127238361810001
RUDASILL     , ALISA       ,RUDASILL ALISA,M,122,WARE                ,A,ID4450127238361810003
RUDASILL     ,             ,RUDASILL ,S,122,WARE                ,A,ID4450127238361810005
RUEHLING     , TRACIE      ,RUEHLING TRACIE,D,3870,HWY 54              ,A,ID4450127238371710001
RUEHLING     , MELISSA     ,RUEHLING MELISSA,A,3870,HWY 54              ,A,ID4450127238371710002
RUMOR        ,             ,RUMOR ,A,3840,HWY 54              ,A,ID4450127238369110001
RUSSALL      , MYRIAM      ,RUSSALL MYRIAM,S,624,OCONEE              ,A,ID4450127238393110002
RUSSALL      , JORGE       ,RUSSALL JORGE,L,624,OCONEE              ,A,ID4450127238393110003
RUSSALL      , LYNNETTE    ,RUSSALL LYNNETTE,C,624,OCONEE              ,A,ID4450127238393110001
SANTIAGO     , PELHAM      ,SANTIAGO PELHAM, ,101,JOHNSON             ,A,ID4450127238353510002
SANTIAGO     , GEORGE      ,SANTIAGO GEORGE,L,101,JOHNSON             ,A,ID4450127238353510003
SANTIAGO     , ANGELA      ,SANTIAGO ANGELA,E,101,JOHNSON             ,A,ID4450127238353510001
SANTIAGO     , JESSEE      ,SANTIAGO JESSEE,T,101,JOHNSON             ,A,ID4450127238353510004
SQUILLANTE   , LUIS        ,SQUILLANTE LUIS,A,3556,HWY 54              ,A,ID4450127238366710001
SQUILLANTE   , GERAR       ,SQUILLANTE GERAR, ,3556,HWY 54              ,A,ID4450127238366710002
SWAGOI       , CHARLES     ,SWAGOI CHARLES,A,600,OCONEE              ,A,ID4450127238382410004
SWAGOI       , ISRAEL      ,SWAGOI ISRAEL,M,600,OCONEE              ,A,ID4450127238382410005
SWAGOI       , MARY CAROLE ,SWAGOI MARY CAROLE,T,600,OCONEE              ,A,ID4450127238382410001
SWAGOI       ,             ,SWAGOI ,B,600,OCONEE              ,A,ID4450127238382410002
SWAGOI       ,             ,SWAGOI ,C,600,OCONEE              ,A,ID4450127238382410003
SYKS         , KATHERINE   ,SYKS KATHERINE,M,14230,22ND                ,A,ID4450127238400410001
TONSTALL     , NICHOLE     ,TONSTALL NICHOLE,L,201,MAIN                ,A,ID4450127238356810001
TONSTALL     , MARY        ,TONSTALL MARY,C,201,MAIN                ,A,ID4450127238356810002
TONSTALL     , HARRIETT    ,TONSTALL HARRIETT,J,201,MAIN                ,A,ID4450127238356810003
WASHINGTON   , J           ,WASHINGTON J,P,603,MARTIN LUTHER K     ,A,ID4450127238380810001
WASHINGTON   , STEPHENS    ,WASHINGTON STEPHENS,I,603,MARTIN LUTHER K     ,A,ID4450127238380810003
WASHINGTON   , AMAURY      ,WASHINGTON AMAURY,P,603,MARTIN LUTHER K     ,A,ID4450127238380810004
WASHINGTON   , XIOMARA     ,WASHINGTON XIOMARA,E,603,MARTIN LUTHER K     ,A,ID4450127238380810002
WIESMAN      ,             ,WIESMAN ,V,3850,HWY 54              ,A,ID4450127238370910001
BELL         , GLORIANNE   ,BELL GLORIANNE,M,7111,3RD                 ,A,ID4445112314664910001
BRAWD        , ALLEN       ,BRAWD ALLEN,J,7126,2ND                 ,A,ID4445112314670610001
BRAWD        , ANN0        ,BRAWD ANN0,D,7126,2ND                 ,A,ID4445112314670610002
CARTER       , JEAN        ,CARTER JEAN,B,410,72ND                ,A,ID4445113314679710001
DUCOTY       , DOUGASS     ,DUCOTY DOUGASS,S,7134,3RD                 ,A,ID4445113314682110001
DUCOTY       , MICLELLE    ,DUCOTY MICLELLE,C,7134,3RD                 ,A,ID4445113314682110002
DUFFY TYLER  , L           ,DUFFY TYLER L,A,400,72ND                ,A,ID4445113314680510001
DUFFY TYLER  , D           ,DUFFY TYLER D,J,400,72ND                ,A,ID4445113314680510003
DUFFY TYLER  , BENJAMIN    ,DUFFY TYLER BENJAMIN,M,400,72ND                ,A,ID4445113314680510004
DUFFY TYLER  , ALICIA      ,DUFFY TYLER ALICIA, ,400,72ND                ,A,ID4445113314680510002
DUFFY TYLER  , GERALDENE   ,DUFFY TYLER GERALDENE,L,400,72ND                ,A,ID4445113314680510005
DUFFY TYLER  , NATSHA      ,DUFFY TYLER NATSHA,M,400,72ND                ,A,ID4445113314680510006
EHM          , JESUS       ,EHM JESUS,A,419,VILLAGRANDE         ,A,ID4445113314675510001
EHM          , ETHEL       ,EHM ETHEL,J,419,VILLAGRANDE         ,A,ID4445113314675510002
EHM          ,             ,EHM ,M,419,VILLAGRANDE         ,A,ID4445113314675510003
GASBARRO     , PABLOS      ,GASBARRO PABLOS,U,401,VILLAGRANDE         ,A,ID4445113314674810001
GASBARRO     , LEANNE      ,GASBARRO LEANNE, ,401,VILLAGRANDE         ,A,ID4445113314674810002
GASBARRO     , ERIN        ,GASBARRO ERIN,K,401,VILLAGRANDE         ,A,ID4445113314674810003
GASBARRO     , JO          ,GASBARRO JO, ,401,VILLAGRANDE         ,A,ID4445113314674810005
GASBARRO     ,             ,GASBARRO ,A,401,VILLAGRANDE         ,A,ID4445113314674810004
HELLER       , DIXION      ,HELLER DIXION,J,318,72ND                ,A,ID4445113314681310001
HELLER       , DOREN       ,HELLER DOREN,J,318,72ND                ,A,ID4445113314681310003
HELLER       , TEGIRA      ,HELLER TEGIRA,J,318,72ND                ,A,ID4445113314681310002
HELLER       , AGELEON     ,HELLER AGELEON,M,318,72ND                ,A,ID4445113314681310004
HELLER       ,             ,HELLER ,J,318,72ND                ,A,ID4445113314681310005
HELLER       ,             ,HELLER ,A,318,72ND                ,A,ID4445113314681310006
HOPPER       , ARISTIDES   ,HOPPER ARISTIDES,C,7100,2ND                 ,A,ID4445112314672210001
HOPPER       , CARLOS      ,HOPPER CARLOS,C,7100,2ND                 ,A,ID4445112314672210003
HOPPER       , ROSEY       ,HOPPER ROSEY,B,7100,2ND                 ,A,ID4445112314672210002
HUBRIC       , CHARLES     ,HUBRIC CHARLES,P,7127,3RD                 ,A,ID4445112314666410001
HUBRIC       , DIANE       ,HUBRIC DIANE, ,7127,3RD                 ,A,ID4445112314666410002
PAINE WELLS  , SIGFREDO    ,PAINE WELLS SIGFREDO,J,231,71ST                ,A,ID4445113314673010001
PAINE WELLS  , AGEL        ,PAINE WELLS AGEL,J,231,71ST                ,A,ID4445113314673010003
PAINE WELLS  , OSWALDO     ,PAINE WELLS OSWALDO,J,231,71ST                ,A,ID4445113314673010004
PAINE WELLS  , IGNACIO     ,PAINE WELLS IGNACIO,J,231,71ST                ,A,ID4445113314673010005
PAINE WELLS  , BARBARA     ,PAINE WELLS BARBARA,C,231,71ST                ,A,ID4445113314673010002
PENSETH      , JEFFREY     ,PENSETH JEFFREY,J,427,VILLAGRANDE         ,A,ID4445113314676310001
PENSETH      , THRESA      ,PENSETH THRESA,A,427,VILLAGRANDE         ,A,ID4445113314676310002
PENSETH      , ANNE        ,PENSETH ANNE,A,427,VILLAGRANDE         ,A,ID4445113314676310003
POLLACK      , ANDREW E    ,POLLACK ANDREW E, ,7139,3RD                 ,A,ID4445112314667210001
POLLACK      , JAMAR       ,POLLACK JAMAR,F,7139,3RD                 ,A,ID4445112314667210003
POLLACK      , DARON       ,POLLACK DARON,S,7139,3RD                 ,A,ID4445112314667210005
POLLACK      , SHAWN       ,POLLACK SHAWN,P,7139,3RD                 ,A,ID4445112314667210006
POLLACK      , MIRIAM      ,POLLACK MIRIAM,J,7139,3RD                 ,A,ID4445112314667210002
POLLACK      , LEAH        ,POLLACK LEAH,A,7139,3RD                 ,A,ID4445112314667210004
ROWEN        , CHRISTOPHER ,ROWEN CHRISTOPHER,J,7112,2ND                 ,A,ID4445112314671410001
ROWEN        , EARNEST     ,ROWEN EARNEST,A,7112,2ND                 ,A,ID4445112314671410004
ROWEN        , CATHY       ,ROWEN CATHY, ,7112,2ND                 ,A,ID4445112314671410002
ROWEN        , ELFRIEDA    ,ROWEN ELFRIEDA,C,7112,2ND                 ,A,ID4445112314671410003
SAUNDERS     , NICOLAS     ,SAUNDERS NICOLAS,G,430,72ND                ,A,ID4445113314678910001
SAUNDERS     , CATHERINE   ,SAUNDERS CATHERINE,L,430,72ND                ,A,ID4445113314678910002
SCCHWARTZ    , JOHN        ,SCCHWARTZ JOHN,F,7121,3RD                 ,A,ID4445112314665610001
SCCHWARTZ    , TRICIA      ,SCCHWARTZ TRICIA,E,7121,3RD                 ,A,ID4445112314665610002
SMALLS       , JEFFREY     ,SMALLS JEFFREY,P,441,VILLAGRANDE         ,A,ID4445113314677110001
SMALLS       , INGER       ,SMALLS INGER,B,441,VILLAGRANDE         ,A,ID4445113314677110002
SMALLS       ,             ,SMALLS ,J,441,VILLAGRANDE         ,A,ID4445113314677110004
SMALLS       ,             ,SMALLS ,A,441,VILLAGRANDE         ,A,ID4445113314677110003
ARCHER       , MARC        ,ARCHER MARC,C,309,WOODHAVEN           ,A,ID4449126128949510001
ARCHER       , JEAN        ,ARCHER JEAN,A,309,WOODHAVEN           ,A,ID4449126128949510002
BELTRAN      , LAWRENCE    ,BELTRAN LAWRENCE,C,108,BRANTWOOD           ,A,ID4449126128933910001
BELTRAN      , JEFF        ,BELTRAN JEFF,J,108,BRANTWOOD           ,A,ID4449126128933910003
BELTRAN      , SOUTA       ,BELTRAN SOUTA,M,108,BRANTWOOD           ,A,ID4449126128933910002
BELTRAN      , ELMER       ,BELTRAN ELMER,A,114,BRANTWOOD           ,A,ID4449126128936210001
BELTRAN      , WILEY       ,BELTRAN WILEY,A,114,BRANTWOOD           ,A,ID4449126128936210004
BELTRAN      , GISELA      ,BELTRAN GISELA,M,114,BRANTWOOD           ,A,ID4449126128936210002
BELTRAN      , RUTH ANN    ,BELTRAN RUTH ANN,M,114,BRANTWOOD           ,A,ID4449126128936210003
CAGER        , EDWIN       ,CAGER EDWIN,M,313,WOODHAVEN           ,A,ID4449126128947910001
CAGER        , EARLE       ,CAGER EARLE,M,313,WOODHAVEN           ,A,ID4449126128947910003
CAGER        , ROSETTA     ,CAGER ROSETTA,J,313,WOODHAVEN           ,A,ID4449126128947910002
COBEZA       , RONNIE      ,COBEZA RONNIE, ,512,WOODHAVEN           ,A,ID4449126128938810001
COBEZA       , KENNETH     ,COBEZA KENNETH,R,512,WOODHAVEN           ,A,ID4449126128938810003
COBEZA       , SHAWN       ,COBEZA SHAWN,E,512,WOODHAVEN           ,A,ID4449126128938810002
COBEZA       ,             ,COBEZA ,M,512,WOODHAVEN           ,A,ID4449126128938810004
DORSEY       , ARY         ,DORSEY ARY,S,503,WOODHAVEN           ,A,ID4449126128942010001
DORSEY       , MELISSA     ,DORSEY MELISSA,J,503,WOODHAVEN           ,A,ID4449126128942010002
DORSEY       , DEBBIE      ,DORSEY DEBBIE,M,503,WOODHAVEN           ,A,ID4449126128942010003
DORSEY       , ENDA        ,DORSEY ENDA,L,503,WOODHAVEN           ,A,ID4449126128942010004
DRENMON      , ISSAC       ,DRENMON ISSAC,F,311,WOODHAVEN           ,A,ID4449126128948710001
DRENMON      , ERNEST      ,DRENMON ERNEST,R,311,WOODHAVEN           ,A,ID4449126128948710003
DRENMON      , THERESA     ,DRENMON THERESA,A,311,WOODHAVEN           ,A,ID4449126128948710002
FLEEK        , JOANNIE     ,FLEEK JOANNIE, ,514,WOODHAVEN           ,A,ID4449126128939610001
FLEEK        , ANNTIONETTE ,FLEEK ANNTIONETTE, ,514,WOODHAVEN           ,A,ID4449126128939610002
FLOWERS      , STANLY      ,FLOWERS STANLY,J,405,WOODHAVEN           ,A,ID4449126128944610002
FLOWERS      , COVNELIA    ,FLOWERS COVNELIA,M,405,WOODHAVEN           ,A,ID4449126128944610001
GALIDEZ      , KEN         ,GALIDEZ KEN,E,100,BRANTWOOD           ,A,ID4449126128929710001
GALIDEZ      , ENZELEE     ,GALIDEZ ENZELEE,E,100,BRANTWOOD           ,A,ID4449126128929710002
GALIDEZ      , MICHELLE    ,GALIDEZ MICHELLE,M,100,BRANTWOOD           ,A,ID4449126128929710003
GALIDEZ      , CHATERAH    ,GALIDEZ CHATERAH,M,100,BRANTWOOD           ,A,ID4449126128929710004
HILLEGAS     , GIANNI      ,HILLEGAS GIANNI,E,106,BRANTWOOD           ,A,ID4449126128932110001
HILLEGAS     , JANICE      ,HILLEGAS JANICE, ,106,BRANTWOOD           ,A,ID4449126128932110002
HILLEGAS     , HAILLE      ,HILLEGAS HAILLE,E,106,BRANTWOOD           ,A,ID4449126128932110003
HILLEGAS     , ROSA        ,HILLEGAS ROSA,C,106,BRANTWOOD           ,A,ID4449126128932110004
HILLEGAS     , JAMIE       ,HILLEGAS JAMIE,E,106,BRANTWOOD           ,A,ID4449126128932110005
HOLLOWAY     , SCOT        ,HOLLOWAY SCOT,C,107,ELDORADO            ,A,ID4449126128925510001
HOLLOWAY     , JENIFFER    ,HOLLOWAY JENIFFER,T,107,ELDORADO            ,A,ID4449126128925510002
KEARNEY      , SHANIKA     ,KEARNEY SHANIKA,E,501,WOODHAVEN           ,A,ID4449126128943810001
KEARNEY      , ASHELY      ,KEARNEY ASHELY,E,501,WOODHAVEN           ,A,ID4449126128943810002
KEARNEY      , SHERMISE    ,KEARNEY SHERMISE,J,501,WOODHAVEN           ,A,ID4449126128943810003
MANGUM       , ROB         ,MANGUM ROB,J,105,ELDORADO            ,A,ID4449126128926310001
MANGUM       , BAKIA       ,MANGUM BAKIA,E,105,ELDORADO            ,A,ID4449126128926310002
MITCHELLL    , JEROME      ,MITCHELLL JEROME,J,509,WOODHAVEN           ,A,ID4449126128940410001
MITCHELLL    , DONETTA     ,MITCHELLL DONETTA,M,509,WOODHAVEN           ,A,ID4449126128940410002
RADRIGZ      , JOSH        ,RADRIGZ JOSH,D,101,ELDORADO            ,A,ID4449126128928910001
RADRIGZ      , RUGY        ,RADRIGZ RUGY,E,101,ELDORADO            ,A,ID4449126128928910002
RAMAS        , SONJA       ,RAMAS SONJA,K,112,BRANTWOOD           ,A,ID4449126128935410001
RHODES       , JEFF        ,RHODES JEFF,L,110,BRANTWOOD           ,A,ID4449126128934710001
RHODES       , HENRIETTE   ,RHODES HENRIETTE, ,110,BRANTWOOD           ,A,ID4449126128934710002
RHODES       , JANNIE      ,RHODES JANNIE,M,110,BRANTWOOD           ,A,ID4449126128934710003
RHODES       , JOANN       ,RHODES JOANN,N,110,BRANTWOOD           ,A,ID4449126128934710004
RIBERA       , JOHONNY     ,RIBERA JOHONNY,U,104,BRANTWOOD           ,A,ID4449126128931310001
RIBERA       , STUART      ,RIBERA STUART,K,104,BRANTWOOD           ,A,ID4449126128931310002
RICHARDSON   , EMMETTE     ,RICHARDSON EMMETTE,E,315,WOODHAVEN           ,A,ID4449126128946110001
RICHARDSON   , TAMIKA      ,RICHARDSON TAMIKA,R,315,WOODHAVEN           ,A,ID4449126128946110002
STAPPY       , JEFF        ,STAPPY JEFF,F,102,BRANTWOOD           ,A,ID4449126128930510001
STAPPY       , FRANKLIN    ,STAPPY FRANKLIN,E,102,BRANTWOOD           ,A,ID4449126128930510005
STAPPY       , ELLA LOUISE ,STAPPY ELLA LOUISE,F,102,BRANTWOOD           ,A,ID4449126128930510002
STAPPY       , QUAYN       ,STAPPY QUAYN,B,102,BRANTWOOD           ,A,ID4449126128930510003
STAPPY       , ARLIE       ,STAPPY ARLIE,A,102,BRANTWOOD           ,A,ID4449126128930510004
STEWARD      , FREDERICK   ,STEWARD FREDERICK,A,505,WOODHAVEN           ,A,ID4449126128941210001
STEWARD      , CHANTEL     ,STEWARD CHANTEL,A,505,WOODHAVEN           ,A,ID4449126128941210002
WCIGNT       , BRIAN       ,WCIGNT BRIAN, ,307,WOODHAVEN           ,A,ID4449126128950310001
WCIGNT       , MAXICINE    ,WCIGNT MAXICINE,H,307,WOODHAVEN           ,A,ID4449126128950310002
WILKES       , BEN         ,WILKES BEN,W,103,ELDORADO            ,A,ID4449126128927110001
WILKES       , STEVE       ,WILKES STEVE,M,103,ELDORADO            ,A,ID4449126128927110003
WILKES       , HARRIETTE   ,WILKES HARRIETTE,L,103,ELDORADO            ,A,ID4449126128927110002
WILLIAMS     , CHARLIE     ,WILLIAMS CHARLIE,A,510,WOODHAVEN           ,A,ID4449126128937010001
WILLIAMS     , SHERRI      ,WILLIAMS SHERRI,V,510,WOODHAVEN           ,A,ID4449126128937010002
YETES        , CHANCE      ,YETES CHANCE,E,403,WOODHAVEN           ,A,ID4449126128945310001
YETES        , ALFREDRICK  ,YETES ALFREDRICK,S,403,WOODHAVEN           ,A,ID4449126128945310002
AHREWS       , MARITZA     ,AHREWS MARITZA,A,345,71ST                ,B,ID444611561          
AHREWS       , MARIANNA    ,AHREWS MARIANNA,B,345,71ST                ,B,ID444611563          
BENETAS      , LENARD      ,BENETAS LENARD,A,660,STARKEY             ,B,ID4447124106879010001
BENETAS      , SAMMY       ,BENETAS SAMMY,R,660,STARKEY             ,B,ID4447124106879010003
BENETAS      , DOLORES     ,BENETAS DOLORES,R,660,STARKEY             ,B,ID4447124106879010002
BODMER       , JAMAR       ,BODMER JAMAR,C,102,BANKS               ,B,ID4447124106897210001
BODMER       , ROSSITA     ,BODMER ROSSITA,L,102,BANKS               ,B,ID4447124106897210002
BODMER       , MAG         ,BODMER MAG,R,102,BANKS               ,B,ID4447124106897210003
BODMER       , ROZELLIN    ,BODMER ROZELLIN,N,102,BANKS               ,B,ID4447124106897210004
BODMER       , CATHERINE   ,BODMER CATHERINE,L,102,BANKS               ,B,ID4447124106897210005
CETO         , J           ,CETO J,E,104,MITCHELL            ,B,ID4447124106907910001
CHEESEMAN    , DANYA       ,CHEESEMAN DANYA,L,690,STARKEY             ,B,ID4447124106894910001
CHEESEMAN    , DANTE       ,CHEESEMAN DANTE,E,690,STARKEY             ,B,ID4447124106894910002
CONNER       , DOMINQUE    ,CONNER DOMINQUE,S,4836,BASSWIDE            ,B,ID4447124106920210001
CONNER       , COHNIE      ,CONNER COHNIE,E,4836,BASSWIDE            ,B,ID4447124106920210002
COSGRAOE     , SEKOU       ,COSGRAOE SEKOU,L,202,BANKS               ,B,ID4447124106912910004
COSGRAOE     , TREIRA      ,COSGRAOE TREIRA, ,202,BANKS               ,B,ID4447124106912910001
COSGRAOE     , THERESA     ,COSGRAOE THERESA,G,202,BANKS               ,B,ID4447124106912910003
DACANAY      , MICHAEL     ,DACANAY MICHAEL,A,112,MITCHELL            ,B,ID4447124106909510001
DACANAY      , A JASIA     ,DACANAY A JASIA, ,112,MITCHELL            ,B,ID4447124106909510002
DACANAY      , BRIANCA     ,DACANAY BRIANCA,G,112,MITCHELL            ,B,ID4447124106909510003
DANIEL-LEIVA , SAM         ,DANIEL-LEIVA SAM,J,729,RIDLEY              ,B,ID4447124106899810001
DANIEL-LEIVA , THAU LYNN   ,DANIEL-LEIVA THAU LYNN,R,729,RIDLEY              ,B,ID4447124106899810002
DIVER        , MILFORD     ,DIVER MILFORD,J,658,STARKEY             ,B,ID4447124106877410001
DOMINQUEZ    , FRANK       ,DOMINQUEZ FRANK,K,672,STARKEY             ,B,ID4447124106883210001
DOMINQUEZ    , SHAVAN      ,DOMINQUEZ SHAVAN,M,672,STARKEY             ,B,ID4447124106883210002
ENGELSKIRCH  , ISAAE       ,ENGELSKIRCH ISAAE, ,612,STARKEY             ,B,ID4446117397         
ENGELSKIRCH  , JEANELLE    ,ENGELSKIRCH JEANELLE, ,612,STARKEY             ,B,ID4446117398         
FAIRIE       , LOUIS       ,FAIRIE LOUIS,W,4940,BASSWOOD            ,B,ID444712426108480000 
FISCHARUND   , WESLEY      ,FISCHARUND WESLEY,M,110,MITCHELL            ,B,ID4447124106908710003
FISCHARUND   , NADESHIA    ,FISCHARUND NADESHIA,A,110,MITCHELL            ,B,ID4447124106908710001
FISCHARUND   , DANYELLE    ,FISCHARUND DANYELLE,L,110,MITCHELL            ,B,ID4447124106908710002
GECKLE       , RUNEE       ,GECKLE RUNEE, ,614,STARKEY             ,B,ID4446117475         
GECKLE       , RALPAL      ,GECKLE RALPAL,T,614,STARKEY             ,B,ID4446117479         
GERING       , RROBERT     ,GERING RROBERT,T,325,71ST                ,B,ID444611554          
GERINGER     , GHOLAN      ,GERINGER GHOLAN,W,200,BANK                ,B,ID4447124106913710002
GERINGER     , JEFFREY     ,GERINGER JEFFREY,W,200,BANK                ,B,ID4447124106913710003
GERINGER     , JEFFREY     ,GERINGER JEFFREY,W,200,BANK                ,B,ID4447124106913710004
GERINGER     , DOUGLASS    ,GERINGER DOUGLASS,D,200,BANK                ,B,ID4447124106913710005
GERINGER     , MARIE       ,GERINGER MARIE,T,200,BANK                ,B,ID4447124106913710001
GLICK        , NATHANIAL   ,GLICK NATHANIAL,N,725,RIDLEY              ,B,ID444712410690380000 
GREENE       , TEMPEST     ,GREENE TEMPEST,Z,4816,BASSWOOD            ,B,ID4447124106917810001
HALL         , RAYMON      ,HALL RAYMON, ,4810,BASSWOOD            ,B,ID4447124106916010001
HILLION      , GEORGE      ,HILLION GEORGE,L,4914,BASSWOOD            ,B,ID4447124106924410001
JEANS        , KEYAN       ,JEANS KEYAN,D,686,STARKEY             ,B,ID444712410689230000 
JEANS        , MICHEAL     ,JEANS MICHEAL, ,686,STARKEY             ,B,ID4447124106892310001
JEANS        , CASANDRA    ,JEANS CASANDRA,C,686,STARKEY             ,B,ID4447124106892310002
JIMEMEZ      , SANDERA     ,JIMEMEZ SANDERA,Y,674,STARKEY             ,B,ID444712410688570000 
JIMEMEZ      , BARBRA      ,JIMEMEZ BARBRA,M,674,STARKEY             ,B,ID4447124106885710001
JIMENEZ      , IRWIN       ,JIMENEZ IRWIN, ,214,BANKS               ,B,ID4447124106910310001
JIMENEZ      , ANDRE       ,JIMENEZ ANDRE, ,214,BANKS               ,B,ID4447124106910310003
JIMENEZ      , WILHEMENIA  ,JIMENEZ WILHEMENIA, ,214,BANKS               ,B,ID4447124106910310002
KELLEY       , FREDRICK    ,KELLEY FREDRICK,W,4932,BASSWOOD            ,B,ID444712425879540000 
LAKHTOSH     , TONY        ,LAKHTOSH TONY,M,206,BANKS               ,B,ID4447124106911110002
LAKHTOSH     , DANIELLE    ,LAKHTOSH DANIELLE,S,206,BANKS               ,B,ID4447124106911110001
LASITTER     , DORATHEA    ,LASITTER DORATHEA,K,656,STARKEY             ,B,ID4447124106876610001
LASITTER     , LELA        ,LASITTER LELA,M,656,STARKEY             ,B,ID4447124106876610002
MALDONABO    , DWIGHT      ,MALDONABO DWIGHT,B,678,STARKEY             ,B,ID4447124106887310002
MALDONABO    , MARQUIS     ,MALDONABO MARQUIS,E,678,STARKEY             ,B,ID4447124106887310003
MALDONABO    , MABEL       ,MALDONABO MABEL, ,678,STARKEY             ,B,ID4447124106887310001
MORGAN       , DARYL       ,MORGAN DARYL,A,7124,3RD                 ,B,ID444611482          
MORGAN       , KEVEIN      ,MORGAN KEVEIN, ,7124,3RD                 ,B,ID444611486          
MOSGERA      , HERMAN      ,MOSGERA HERMAN,M,684,STARKEY             ,B,ID4447124106891510001
MOSGUERA     , IASHA       ,MOSGUERA IASHA,C,682,STARKEY             ,B,ID4447124106890710001
MOSGUERA     , ANDRE       ,MOSGUERA ANDRE,G,682,STARKEY             ,B,ID4447124106890710004
MOSGUERA     , ROMAINE     ,MOSGUERA ROMAINE,O,682,STARKEY             ,B,ID4447124106890710002
MOSGUERA     , TAWYA       ,MOSGUERA TAWYA,O,682,STARKEY             ,B,ID4447124106890710003
MOSGUERA     , PRINCETTE   ,MOSGUERA PRINCETTE,D,682,STARKEY             ,B,ID4447124106890710005
MOSGUERA     , KEISHA      ,MOSGUERA KEISHA,O,682,STARKEY             ,B,ID4447124106890710006
OQUENDO      , CLAIRE      ,OQUENDO CLAIRE,J,666,STARKEY             ,B,ID4447124106881610001
PAIGE        , XANTHA      ,PAIGE XANTHA, ,4830,BASSWOOD            ,B,ID4447124106919410002
PARRA        , JEMOS       ,PARRA JEMOS,V,676,STARKEY             ,B,ID4447124106886510001
RAUST        , ANN         ,RAUST ANN,N,652,STARKEY             ,B,ID4447124106874110001
RODREQUE     , TAWANA      ,RODREQUE TAWANA,S,670,STARKEY             ,B,ID4447124106882410001
RODREQUE     , GERALDINE   ,RODREQUE GERALDINE,A,670,STARKEY             ,B,ID4447124106882410002
ROUNSVELLE   , DERRICK     ,ROUNSVELLE DERRICK,E,100,BANKS               ,B,ID4447124106896410001
SENTRY       , IRAN        ,SENTRY IRAN,R,4906,BASSWOOD            ,B,ID4447124106923610001
SENTRY       , RAYMOND     ,SENTRY RAYMOND,L,4906,BASSWOOD            ,B,ID4447124106923610002
SENTRY       , ALLICIA     ,SENTRY ALLICIA,J,4906,BASSWOOD            ,B,ID4447124106923610003
SHANKS       , DAVONE      ,SHANKS DAVONE,B,104,BANKS               ,B,ID4447124106898010001
SHANKS       , LONORA      ,SHANKS LONORA,S,104,BANKS               ,B,ID4447124106898010002
TORRIS       , RANDOLFF    ,TORRIS RANDOLFF, ,680,STARKEY             ,B,ID4447124106889910001
TORRIS       , FREMAN      ,TORRIS FREMAN,R,680,STARKEY             ,B,ID4447124106889910002
VALDEZ       , WYANE       ,VALDEZ WYANE,H,723,RIDLEY              ,B,ID4447124106904610001
VALDEZ       , THERESA     ,VALDEZ THERESA, ,723,RIDLEY              ,B,ID4447124106904610002
VARGAS MUNOZ , THUY KIM    ,VARGAS MUNOZ THUY KIM,G,727,RIDLEY              ,B,ID4447124106900410001
VARGAS-HERNAN, BRANDON     ,VARGAS-HERNAN BRANDON,R,664,STARKEY             ,B,ID4447124106880810001
VARGAS-HERNAN, ALEXANDE    ,VARGAS-HERNAN ALEXANDE,R,664,STARKEY             ,B,ID4447124106880810002
VARGAS-HERNAN, ELIZBETH    ,VARGAS-HERNAN ELIZBETH,L,664,STARKEY             ,B,ID4447124106880810003
WESTERN      , DONNY       ,WESTERN DONNY, ,4842,BASSWOOD            ,B,ID4447124106921010002
WESTERN      , SALLY       ,WESTERN SALLY, ,4842,BASSWOOD            ,B,ID4447124106921010001
WIZALKOWSKI  , ALEXDER     ,WIZALKOWSKI ALEXDER,J,210,BANKS               ,B,ID4447124106914510001
WIZALKOWSKI  , DELORES     ,WIZALKOWSKI DELORES,A,210,BANKS               ,B,ID4447124106914510002
CANNON       , LATESHA     ,CANNON LATESHA,D,110,EL DORADO           ,B,ID4448125110811710001
DORSER       , KATHY       ,DORSER KATHY, ,626,STARKEY             ,B,ID4446121011         
HOERNING     , RUFUS       ,HOERNING RUFUS,D,114,EL DORADO           ,B,ID4448125110816610003
HOERNING     , CHISTOPHER  ,HOERNING CHISTOPHER,D,114,EL DORADO           ,B,ID4448125110816610004
HOERNING     , ZACNARY     ,HOERNING ZACNARY, ,114,EL DORADO           ,B,ID4448125110816610005
HOERNING     , TRINA       ,HOERNING TRINA, ,114,EL DORADO           ,B,ID4448125110816610001
HOERNING     , ANNA        ,HOERNING ANNA, ,114,EL DORADO           ,B,ID4448125110816610002
JOHNS        , STEPHEN     ,JOHNS STEPHEN, ,4946,BASSWOOD            ,B,ID4448125110670710003
JOHNS        , GLURIA      ,JOHNS GLURIA, ,4946,BASSWOOD            ,B,ID4448125110670710002
JOLMES       , GERARDO     ,JOLMES GERARDO,F,108,EL DORADO           ,B,ID4448125110808310002
JOLMES       , FRANCISO    ,JOLMES FRANCISO,D,108,EL DORADO           ,B,ID4448125110808310003
JOLMES       , ERIK        ,JOLMES ERIK,D,108,EL DORADO           ,B,ID4448125110808310004
JOLMES       , LUCILE      ,JOLMES LUCILE, ,108,EL DORADO           ,B,ID4448125110808310001
KENNY        , DANYAE      ,KENNY DANYAE, ,624,STARKEY             ,B,ID4446120210         
SPRIGGS      , RAY         ,SPRIGGS RAY, ,113,EL DORADO           ,B,ID4448125110820810001
TREAEVANT    , JACKIE      ,TREAEVANT JACKIE,M,111,EL DORADO           ,B,ID4448125110821610001
TREAEVANT    , ANNA        ,TREAEVANT ANNA,M,111,EL DORADO           ,B,ID4448125110821610002
ALSTON       , LED         ,ALSTON LED,E,612,OCONEE              ,B,ID4450127238387310002
ALSTON       , MICHAEL     ,ALSTON MICHAEL, ,612,OCONEE              ,B,ID4450127238387310003
ALSTON       , ROSEMARY    ,ALSTON ROSEMARY, ,612,OCONEE              ,B,ID4450127238387310001
BARRETT      , KENDALL     ,BARRETT KENDALL, ,634,STARKEY             ,B,ID44461220543        
BARRETT      , YUNAISY     ,BARRETT YUNAISY,L,634,STARKEY             ,B,ID44461220533        
CAMBLE       , ANTOIENO    ,CAMBLE ANTOIENO,E,0,6041 / 2 OCONEE     ,B,ID4450127238383210002
CAMBLE       , JESSICIA    ,CAMBLE JESSICIA,A,0,6041 / 2 OCONEE     ,B,ID4450127238383210001
CAMBLE       , MARNELA     ,CAMBLE MARNELA,E,0,6041 / 2 OCONEE     ,B,ID4450127238383210004
CARL         , DERRYL      ,CARL DERRYL,B,501,RUBY                ,B,ID4450127238376610001
CARL         , BARRY       ,CARL BARRY,J,501,RUBY                ,B,ID4450127238376610003
CARL         , ROSELIME    ,CARL ROSELIME,D,501,RUBY                ,B,ID4450127238376610002
CARTIER      , RODERICK    ,CARTIER RODERICK,C,14135,22,B,ID4450127238404610002
CARTIER      , JOAN        ,CARTIER JOAN, ,14135,22,B,ID4450127238404610001
CARVAJAL     , ADRIAN      ,CARVAJAL ADRIAN,L,607,MARTIN LUTHER K     ,B,ID4450127238379010003
CARVAJAL     , STEVEN      ,CARVAJAL STEVEN,D,607,MARTIN LUTHER K     ,B,ID4450127238379010004
CARVAJAL     , MILISSA     ,CARVAJAL MILISSA,L,607,MARTIN LUTHER K     ,B,ID4450127238379010001
CARVAJAL     , SARA        ,CARVAJAL SARA,L,607,MARTIN LUTHER K     ,B,ID4450127238379010002
CHAMBERS     , LAURENCE    ,CHAMBERS LAURENCE, ,14180,22,B,ID4450127238398010001
CHAMBERS     , EUGENIO     ,CHAMBERS EUGENIO,E,14180,22,B,ID4450127238398010002
COBY         , MIKE        ,COBY MIKE,D,303,MAIN                ,B,ID445012723835840000 
COBY         , WILIAMS     ,COBY WILIAMS,A,303,MAIN                ,B,ID445012723835840000 
COBY         , ANGELA      ,COBY ANGELA, ,303,MAIN                ,B,ID445012723835840000 
COBY         , LASHIWN     ,COBY LASHIWN,Y,303,MAIN                ,B,ID445012723835840000 
CRIBER       , GOILLERMO   ,CRIBER GOILLERMO,E,106,WARE                ,B,ID4450127238362610001
CRIBER       , MARCOS      ,CRIBER MARCOS,M,106,WARE                ,B,ID4450127238362610002
DAVIS        , WINDY       ,DAVIS WINDY,E,14220,22,B,ID4450127238399810001
DAVIS        , MICHELLE    ,DAVIS MICHELLE,N,14220,22,B,ID4450127238399810002
DAVIS        , RENNE       ,DAVIS RENNE,M,14220,22,B,ID4450127238399810003
DAVIS        , SARA        ,DAVIS SARA,N,14220,22,B,ID4450127238399810004
DEGRAGENRIED , JERARDO     ,DEGRAGENRIED JERARDO,D,128,WARE                ,B,ID4450127238359210001
DEGRAGENRIED , ALLEN       ,DEGRAGENRIED ALLEN,R,128,WARE                ,B,ID4450127238359210002
DICKERSON    , MARY LOU    ,DICKERSON MARY LOU, ,638,STARKEY             ,B,ID44461221227        
EASELY       , MATHEW      ,EASELY MATHEW, ,613,MARTIN LUTHER K     ,B,ID4450127238378210004
EASELY       , FLORY       ,EASELY FLORY,D,613,MARTIN LUTHER K     ,B,ID4450127238378210001
EASELY       , KERRY       ,EASELY KERRY,D,613,MARTIN LUTHER K     ,B,ID4450127238378210002
EASELY       , NILSAIVETTE ,EASELY NILSAIVETTE,D,613,MARTIN LUTHER K     ,B,ID4450127238378210003
ELLICATT-KEAN, SHERYL      ,ELLICATT-KEAN SHERYL, ,102,CHURCH              ,B,ID4450127238355010001
ELLICATT-KEAN, ELAINE      ,ELLICATT-KEAN ELAINE,A,102,CHURCH              ,B,ID4450127238355010002
FOSTER       , MARYANN     ,FOSTER MARYANN, ,636,STARKEY             ,B,ID44461220734        
FRY          , EPHNY       ,FRY EPHNY,B,14225,22 PC               ,B,ID4450127238406110001
GARNER       , DANNY       ,GARNER DANNY, ,100,GEORGE              ,B,ID4450127238352710002
GARNER       , ROBERTO     ,GARNER ROBERTO,R,100,GEORGE              ,B,ID4450127238352710003
GARNER       , MAJORIE     ,GARNER MAJORIE,A,100,GEORGE              ,B,ID4450127238352710001
GARRET       , SHARNETT    ,GARRET SHARNETT,R,124,WARE                ,B,ID4450127238360010001
GARRET       , HARRET      ,GARRET HARRET, ,124,WARE                ,B,ID4450127238360010002
GORODN       , KRISTY LEIGH,GORODN KRISTY LEIGH,L,303,WOODHAVEN           ,B,ID4450127238349310001
GORODN       , DIANE MARIE ,GORODN DIANE MARIE, ,303,WOODHAVEN           ,B,ID4450127238349310002
GORODN       , ROSE MARIE  ,GORODN ROSE MARIE, ,303,WOODHAVEN           ,B,ID4450127238349310003
GREEN        , EDVARDO     ,GREEN EDVARDO,A,606,OCONEE              ,B,ID4450127238384010001
GREEN        , SANDRA      ,GREEN SANDRA,C,606,OCONEE              ,B,ID4450127238384010002
GREEN        , ANNE        ,GREEN ANNE,A,606,OCONEE              ,B,ID4450127238384010003
GREEN        , MICHELLE    ,GREEN MICHELLE,M,606,OCONEE              ,B,ID4450127238384010004
GREEN        , ROSETTE     ,GREEN ROSETTE,A,606,OCONEE              ,B,ID4450127238384010005
HACHETT      , CORTE       ,HACHETT CORTE,D,640,STARKEY             ,B,ID44461230326        
HACHETT      , DENARIO     ,HACHETT DENARIO,E,640,STARKEY             ,B,ID44461230328        
HACHETT      , EYVETTE     ,HACHETT EYVETTE,D,640,STARKEY             ,B,ID44461230330        
HACHETT      , ALISA       ,HACHETT ALISA,Y,640,STARKEY             ,B,ID44461230332        
HAMMOND      , JOAMES      ,HAMMOND JOAMES, ,505,RUBY                ,B,ID4450127238374110002
HAMMOND      , LENWOOD REV ,HAMMOND LENWOOD REV, ,505,RUBY                ,B,ID4450127238374110003
HAMMOND      , TRACI       ,HAMMOND TRACI,R,505,RUBY                ,B,ID4450127238374110001
HASKINS      , STEFAN      ,HASKINS STEFAN, ,14215,22,B,ID4450127238405310002
HASKINS      , PAMELA      ,HASKINS PAMELA,T,14215,22,B,ID4450127238405310001
HEAVAENER    , FLORRE      ,HEAVAENER FLORRE, ,608,OCONEE              ,B,ID445012723838570000 
HEAVAENER    , JEFFREY     ,HEAVAENER JEFFREY,S,608,OCONEE              ,B,ID445012723838570000 
HEAVAENER    , WILSREVO    ,HEAVAENER WILSREVO, ,608,OCONEE              ,B,ID445012723838570000 
HENRIKSON    , SAMIAR      ,HENRIKSON SAMIAR,I,618,OCONEE              ,B,ID4450127238390710001
HENRIKSON    , SAMANTHA    ,HENRIKSON SAMANTHA,H,618,OCONEE              ,B,ID4450127238390710002
HENRIKSON    , DOROTHEA    ,HENRIKSON DOROTHEA,T,618,OCONEE              ,B,ID4450127238390710003
HENRIKSON    , DONNA MARIE ,HENRIKSON DONNA MARIE,E,618,OCONEE              ,B,ID4450127238390710004
HENRIKSON    , PHYLLIS     ,HENRIKSON PHYLLIS,L,618,OCONEE              ,B,ID4450127238390710005
HOLLY        , MICHAEL     ,HOLLY MICHAEL,T,14170,22,B,ID4450127238397210001
HOLLY        , DAMOEN      ,HOLLY DAMOEN,T,14170,22,B,ID4450127238397210003
HOLLY        , CATHRINE    ,HOLLY CATHRINE,A,14170,22,B,ID4450127238397210002
HOLLY        , CHARCOTTE   ,HOLLY CHARCOTTE,E,14170,22,B,ID4450127238397210004
HOSHINGTON   , JEFFREY     ,HOSHINGTON JEFFREY,P,603,MARTIN LUTHER K     ,B,ID4450127238380810001
HOSHINGTON   , STEVEN      ,HOSHINGTON STEVEN,I,603,MARTIN LUTHER K     ,B,ID4450127238380810003
HOSHINGTON   , MAURI       ,HOSHINGTON MAURI,P,603,MARTIN LUTHER K     ,B,ID4450127238380810004
HOSHINGTON   , XLONARA     ,HOSHINGTON XLONARA,E,603,MARTIN LUTHER K     ,B,ID4450127238380810002
HULLEY       , ANTHONY     ,HULLEY ANTHONY,B,628,STARKEY             ,B,ID44461220129        
HULLEY       , DIANE       ,HULLEY DIANE,M,628,STARKEY             ,B,ID44461220142        
HUSSEINKEL   , ARCHIBALD   ,HUSSEINKEL ARCHIBALD, ,614,OCONEE              ,B,ID4450127238388110002
HUTSON       , JACQUELIN   ,HUTSON JACQUELIN, ,3886,HWY 54              ,B,ID4450127238372510001
IRVIN        , ALEJANDRO   ,IRVIN ALEJANDRO,A,601,MARTIN LUTHER K     ,B,ID4450127238381610002
IRVIN        , IVAN        ,IRVIN IVAN,E,601,MARTIN LUTHER K     ,B,ID4450127238381610003
IRVIN        , ZIONAIRE    ,IRVIN ZIONAIRE,T,601,MARTIN LUTHER K     ,B,ID4450127238381610001
KLEINMAN     , ANTONIA     ,KLEINMAN ANTONIA,B,622,OCONEE              ,B,ID4450127238391510002
KLEINMAN     , JOSLYN      ,KLEINMAN JOSLYN,V,622,OCONEE              ,B,ID4450127238391510001
KOUPE        , MARCO       ,KOUPE MARCO, ,104,GEORGE              ,B,ID4450127238350110001
KUMOR        , DINWARDO    ,KUMOR DINWARDO,A,3820,HWY 54              ,B,ID4450127238368310004
KUMOR        , BERNADINE   ,KUMOR BERNADINE, ,3820,HWY 54              ,B,ID4450127238368310001
KUMOR        , TERRENCE    ,KUMOR TERRENCE,L,3820,HWY 54              ,B,ID4450127238368310003
KUMOR        , ZAKAYA      ,KUMOR ZAKAYA,C,3820,HWY 54              ,B,ID4450127238368310005
KUMOR        , DAGOBERTO   ,KUMOR DAGOBERTO, ,3840,HWY 54              ,B,ID445012723836910000 
KUMOR        , CORRINE     ,KUMOR CORRINE, ,3840,HWY 54              ,B,ID445012723836910000 
LESCO        , CLARENCE    ,LESCO CLARENCE, ,610,OCONEE              ,B,ID4450127238386510001
LESCO        , BAN         ,LESCO BAN, ,610,OCONEE              ,B,ID4450127238386510002
MARTINEZ     , ERICA       ,MARTINEZ ERICA, ,14255,22,B,ID4450127238409510001
MATEO        , DELHAM      ,MATEO DELHAM, ,101,JOHNSON             ,B,ID4450127238353510002
MATEO        , GEORGE DR   ,MATEO GEORGE DR,L,101,JOHNSON             ,B,ID4450127238353510003
MATEO        , ANGLA       ,MATEO ANGLA,E,101,JOHNSON             ,B,ID4450127238353510001
MATEO        , JESSE       ,MATEO JESSE, ,101,JOHNSON             ,B,ID4450127238353510004
MCALISTER    , GEOFFRY     ,MCALISTER GEOFFRY,M,14270,22,B,ID4450127238403810002
MCALISTER    , JANETT      ,MCALISTER JANETT,M,14270,22,B,ID4450127238403810001
MITCHELL     , THE IMA     ,MITCHELL THE IMA,V,650,STARKEY             ,B,ID44461230536        
MOHRINA      , DOMINIC     ,MOHRINA DOMINIC,B,701,31,B,ID4450127257775510002
MOHRINA      , JANIS       ,MOHRINA JANIS,M,701,31,B,ID4450127257775510001
MOSER        , SHIRLEY     ,MOSER SHIRLEY, ,305,WOODHAVEN           ,B,ID4450127238348510001
MUCCIO       , ORESTES     ,MUCCIO ORESTES,S,106,1/2 WARE            ,B,ID4450127238364210001
MUCCIO       , LIVIA       ,MUCCIO LIVIA,E,106,1/2 WARE            ,B,ID4450127238364210002
OLOWOKAKOKO  , GREGORY     ,OLOWOKAKOKO GREGORY,S,103,JOHNSON             ,B,ID4450127238354310001
OLOWOKAKOKO  , AE          ,OLOWOKAKOKO AE,A,103,JOHNSON             ,B,ID4450127238354310003
PARK         , VERCONIA    ,PARK VERCONIA, ,3960,HWY 54              ,B,ID445012723837330000 
PARK         , DELORES     ,PARK DELORES, ,3960,HWY 54              ,B,ID445012723837330000 
PETTRICH     , JOHNNIE     ,PETTRICH JOHNNIE, ,503,RUBY                ,B,ID4450127238375810001
REEVES       , WILLY       ,REEVES WILLY,L,625,MARTIN LUTHER K     ,B,ID445012723837740000 
REEVES       , DOUGLASS    ,REEVES DOUGLASS,F,625,MARTIN LUTHER K     ,B,ID445012723837740000 
REEVES       , NWAMAKA     ,REEVES NWAMAKA,M,625,MARTIN LUTHER K     ,B,ID445012723837740000 
REICHENBERG  , SUE         ,REICHENBERG SUE,L,14150,22,B,ID4450127238395610001
REICHENBERG  , TRUDY       ,REICHENBERG TRUDY,A,14150,22,B,ID4450127238395610002
RODRIGUES    , QUINTON     ,RODRIGUES QUINTON, ,14235,22,B,ID4450127238407910002
RODRIGUES    , STEPHINE    ,RODRIGUES STEPHINE, ,14235,22,B,ID4450127238407910001
ROGLIN       , REYANN      ,ROGLIN REYANN,J,14160,22,B,ID4450127238396410001
ROTHCHILD    , PHILIP      ,ROTHCHILD PHILIP, ,14240,224,B,ID4450127238401210003
ROTHCHILD    , JAYANN      ,ROTHCHILD JAYANN,L,14240,224,B,ID4450127238401210001
ROTHCHILD    , HILDRED     ,ROTHCHILD HILDRED,E,14240,224,B,ID4450127238401210002
RUDAGILL     , DOMINI      ,RUDAGILL DOMINI,A,122,WARE                ,B,ID4450127238361810002
RUDAGILL     , SEPTIMIO    ,RUDAGILL SEPTIMIO,E,122,WARE                ,B,ID4450127238361810004
RUDAGILL     , KIMBERY     ,RUDAGILL KIMBERY,L,122,WARE                ,B,ID4450127238361810001
RUDAGILL     , ALASIA      ,RUDAGILL ALASIA,M,122,WARE                ,B,ID4450127238361810003
RUIHLING     , TRACIE LEE  ,RUIHLING TRACIE LEE,D,3870,HWY 54              ,B,ID4450127238371710001
RUIHLING     , MELLISSA    ,RUIHLING MELLISSA,A,3870,HWY 54              ,B,ID4450127238371710002
RUSSELL      , MIRIAM      ,RUSSELL MIRIAM,S,624,OCONEE              ,B,ID4450127238393110002
RUSSELL      , JONGE       ,RUSSELL JONGE,L,624,OCONEE              ,B,ID4450127238393110003
RUSSELL      , LYNN        ,RUSSELL LYNN,C,624,OCONEE              ,B,ID4450127238393110001
SHAWQI       , CHARES      ,SHAWQI CHARES, ,600,OCONEE              ,B,ID4450127238382410004
SHAWQI       , ISAREL      ,SHAWQI ISAREL, ,600,OCONEE              ,B,ID4450127238382410005
SHAWQI       , MARYCAROLE  ,SHAWQI MARYCAROLE, ,600,OCONEE              ,B,ID4450127238382410001
SINEFIELD    , SHEILA      ,SINEFIELD SHEILA, ,632,STARKEY             ,B,ID44461220231        
SOLLIVAN     , EVENS       ,SOLLIVAN EVENS, ,14245,22,B,ID445012723840870000 
SOLLIVAN     , BRANDIE     ,SOLLIVAN BRANDIE,D,14245,22,B,ID445012723840870000 
SOLLIVAN     , ANNE        ,SOLLIVAN ANNE,G,14245,22,B,ID445012723840870000 
SQUILLANGE   , LOUIS       ,SQUILLANGE LOUIS,A,3556,HWY 54              ,B,ID4450127238366710001
SQUILLANGE   , GERARD      ,SQUILLANGE GERARD,A,3556,HWY 54              ,B,ID4450127238366710002
SYKES        , KATHY       ,SYKES KATHY,M,14230,22,B,ID4450127238400410001
TUNSTALL     , NICOLE      ,TUNSTALL NICOLE, ,201,MAIN                ,B,ID4450127238356810001
TUNSTALL     , MARY ANNE   ,TUNSTALL MARY ANNE,C,201,MAIN                ,B,ID4450127238356810002
TUNSTALL     , HARRIET     ,TUNSTALL HARRIET,J,201,MAIN                ,B,ID4450127238356810003
BRAND        , ALAN        ,BRAND ALAN,J,7126,2ND                 ,B,ID4445112314670610001
BRAND        , ANN         ,BRAND ANN,D,7126,2ND                 ,B,ID4445112314670610002
CARTE        , JEANNE      ,CARTE JEANNE, ,410,72ND                ,B,ID4445113314679710001
DAVID        , TRYONE      ,DAVID TRYONE,M,618,STARKEY             ,B,ID44461181048        
DAVID        , HOANG       ,DAVID HOANG, ,618,STARKEY             ,B,ID44461181049        
DOCUTY       , DOUGLAS     ,DOCUTY DOUGLAS,S,7134,3RD                 ,B,ID4445113314682110001
DOCUTY       , MICHELLE    ,DOCUTY MICHELLE,C,7134,3RD                 ,B,ID4445113314682110002
DUFFY-TYLER  , LAWRENCE    ,DUFFY-TYLER LAWRENCE,A,400,72ND                ,B,ID4445113314680510001
DUFFY-TYLER  , DAVID       ,DUFFY-TYLER DAVID,F,400,72ND                ,B,ID4445113314680510003
DUFFY-TYLER  , BEN         ,DUFFY-TYLER BEN,M,400,72ND                ,B,ID4445113314680510004
DUFFY-TYLER  , ALLICIA     ,DUFFY-TYLER ALLICIA, ,400,72ND                ,B,ID4445113314680510002
DUFFY-TYLER  , GERALDINE   ,DUFFY-TYLER GERALDINE,L,400,72ND                ,B,ID4445113314680510005
DUFFY-TYLER  , NATASHA     ,DUFFY-TYLER NATASHA, ,400,72ND                ,B,ID4445113314680510006
ELM          , GISUS       ,ELM GISUS,A,419,VILLAGRANDE         ,B,ID4445113314675510001
ELM          , ETHLEW      ,ELM ETHLEW,J,419,VILLAGRANDE         ,B,ID4445113314675510002
FENSTER-PENNE, JEANNE      ,FENSTER-PENNE JEANNE,L,610,STARKEY             ,B,ID44461161345        
GASBARRD     , PABLO       ,GASBARRD PABLO,V,401,VILLAGRANDE         ,B,ID4445113314674810001
GASBARRD     , LE ANNE     ,GASBARRD LE ANNE,G,401,VILLAGRANDE         ,B,ID4445113314674810002
GASBARRD     , AFRIN       ,GASBARRD AFRIN,K,401,VILLAGRANDE         ,B,ID4445113314674810003
GASBARRD     , JO ANNE     ,GASBARRD JO ANNE,M,401,VILLAGRANDE         ,B,ID4445113314674810005
GEHRING      , BIANCA      ,GEHRING BIANCA,A,602,STARKEY             ,B,ID44461160444        
HACKER       , ZUNZELL     ,HACKER ZUNZELL,M,606,STARKEY             ,B,ID44461161046        
HACKER       , CORNLIUS    ,HACKER CORNLIUS,M,606,STARKEY             ,B,ID44461161047        
HALLORAW     , MARIEA      ,HALLORAW MARIEA,A,600,STARKEY             ,B,ID44461160351        
HELER        , DIXIE       ,HELER DIXIE,J,380,72ND                ,B,ID4445113314681310001
HELER        , DORIAN      ,HELER DORIAN,J,380,72ND                ,B,ID4445113314681310003
HELER        , TEAIRA      ,HELER TEAIRA,J,380,72ND                ,B,ID4445113314681310002
HELER        , ANGELEAN    ,HELER ANGELEAN,M,380,72ND                ,B,ID4445113314681310004
HOOPER       , ARISTIDIS   ,HOOPER ARISTIDIS,C,7100,2ND                 ,B,ID4445112314672210001
HOOPER       , CARLO       ,HOOPER CARLO,C,7100,2ND                 ,B,ID4445112314672210003
HOOPER       , ROSETTA     ,HOOPER ROSETTA,B,7100,2ND                 ,B,ID4445112314672210002
HUBRICK      , CHARLS      ,HUBRICK CHARLS,P,7127,3RD                 ,B,ID4445112314666410001
HUBRICK      , JANICE      ,HUBRICK JANICE, ,7127,3RD                 ,B,ID4445112314666410002
PAINE-WELLS  , SIFRIDO     ,PAINE-WELLS SIFRIDO,J,231,71ST                ,B,ID4445113314673010001
PAINE-WELLS  , ABEL        ,PAINE-WELLS ABEL, ,231,71ST                ,B,ID4445113314673010003
PAINE-WELLS  , WALDO       ,PAINE-WELLS WALDO,J,231,71ST                ,B,ID4445113314673010004
PAINE-WELLS  , IGANACIO    ,PAINE-WELLS IGANACIO,J,231,71ST                ,B,ID4445113314673010005
PAINE-WELLS  , BARBRA      ,PAINE-WELLS BARBRA,L,231,71ST                ,B,ID4445113314673010002
PENSMITH     , JEFFERY     ,PENSMITH JEFFERY,J,427,VILLAGRANDE         ,B,ID4445113314676310001
PENSMITH     , THRESSA     ,PENSMITH THRESSA,A,427,VILLAGRANDE         ,B,ID4445113314676310002
PENSMITH     , ANN         ,PENSMITH ANN,A,427,VILLAGRANDE         ,B,ID4445113314676310003
POLLOCK      , ANDREW      ,POLLOCK ANDREW, ,7139,3RD                 ,B,ID4445112314667210001
POLLOCK      , JAMAL       ,POLLOCK JAMAL,F,7139,3RD                 ,B,ID4445112314667210003
POLLOCK      , DAVON       ,POLLOCK DAVON,S,7139,3RD                 ,B,ID4445112314667210005
POLLOCK      , SHAUN       ,POLLOCK SHAUN,P,7139,3RD                 ,B,ID4445112314667210006
POLLOCK      , MIRIAN      ,POLLOCK MIRIAN,J,7139,3RD                 ,B,ID4445112314667210002
POLLOCK      , LEHA        ,POLLOCK LEHA,A,7139,3RD                 ,B,ID4445112314667210004
REEVER       , KENNETH     ,REEVER KENNETH,A,604,STARKEY             ,B,ID44461160650        
ROWAN        , CRISTOPHER  ,ROWAN CRISTOPHER,J,7112,2ND                 ,B,ID4445112314671410001
ROWAN        , ERNEST      ,ROWAN ERNEST,A,7112,2ND                 ,B,ID4445112314671410004
ROWAN        , CATHERINE   ,ROWAN CATHERINE, ,7112,2ND                 ,B,ID4445112314671410002
ROWAN        , ALFREDA     ,ROWAN ALFREDA,L,7112,2ND                 ,B,ID4445112314671410003
SANDERS      , NICHOLAS    ,SANDERS NICHOLAS,G,430,72ND                ,B,ID4445113314678910001
SANDERS      , KATHY       ,SANDERS KATHY,L,430,72ND                ,B,ID4445113314678910002
SCHWARTZ     , JOAN        ,SCHWARTZ JOAN,F,7121,3RD                 ,B,ID4445112314665610001
SCHWARTZ     , PATRICIA    ,SCHWARTZ PATRICIA,E,7121,3RD                 ,B,ID4445112314665610002
SMALL        , JEFFERY     ,SMALL JEFFERY,P,441,VILLAGRANDE         ,B,ID4445113314677110001
SMALL        , ENGER       ,SMALL ENGER,B,441,VILLAGRANDE         ,B,ID4445113314677110002
VELL         , GLORIANE    ,VELL GLORIANE,M,7111,3RD                 ,B,ID4445112314664910001
ARCHBR       , MACK        ,ARCHBR MACK,C,309,WOODHAVEN           ,B,ID4449126128949510001
ARCHBR       , J           ,ARCHBR J,A,309,WOODHAVEN           ,B,ID4449126128949510002
BELTAN       , ELAM        ,BELTAN ELAM,A,114,BRANTWOOD           ,B,ID4449126128936210001
BELTAN       , WYLIE       ,BELTAN WYLIE,A,114,BRANTWOOD           ,B,ID4449126128936210004
BELTAN       , GISELLA     ,BELTAN GISELLA,M,114,BRANTWOOD           ,B,ID4449126128936210002
BELTAN       , RUTHANN     ,BELTAN RUTHANN,M,114,BRANTWOOD           ,B,ID4449126128936210003
BETRAN       , LAWRENE     ,BETRAN LAWRENE, ,108,BRANTWOOD           ,B,ID4449126128933910001
BETRAN       , JEFFREY     ,BETRAN JEFFREY, ,108,BRANTWOOD           ,B,ID4449126128933910003
BETRAN       , SOLITA      ,BETRAN SOLITA, ,108,BRANTWOOD           ,B,ID4449126128933910002
COGER        , EDDIE       ,COGER EDDIE,M,313,WOODHAVEN           ,B,ID4449126128947910001
COGER        , EARL        ,COGER EARL,M,313,WOODHAVEN           ,B,ID4449126128947910003
COGER        , ROSSITA     ,COGER ROSSITA,J,313,WOODHAVEN           ,B,ID4449126128947910002
DORSLY       , GARY        ,DORSLY GARY,S,503,WOODHAVEN           ,B,ID4449126128942010001
DORSLY       , MELLISA     ,DORSLY MELLISA,J,503,WOODHAVEN           ,B,ID4449126128942010002
DORSLY       , DEBNA       ,DORSLY DEBNA,M,503,WOODHAVEN           ,B,ID4449126128942010003
DORSLY       , EDNA        ,DORSLY EDNA,L,503,WOODHAVEN           ,B,ID4449126128942010004
DRENNON      , ISAAC       ,DRENNON ISAAC,F,311,WOODHAVEN           ,B,ID4449126128948710001
DRENNON      , EARNEST     ,DRENNON EARNEST,R,311,WOODHAVEN           ,B,ID4449126128948710003
DRENNON      , THERSA      ,DRENNON THERSA,A,311,WOODHAVEN           ,B,ID4449126128948710002
FLEET        , JOHNNIE     ,FLEET JOHNNIE, ,514,WOODHAVEN           ,B,ID4449126128939610001
FLEET        , ANTOINETTE  ,FLEET ANTOINETTE, ,514,WOODHAVEN           ,B,ID4449126128939610002
FLOWER       , STANLEY     ,FLOWER STANLEY,J,405,WOODHAVEN           ,B,ID4449126128944610002
FLOWER       , CORNELIA    ,FLOWER CORNELIA,M,405,WOODHAVEN           ,B,ID4449126128944610001
GALINDE      , KENNETH     ,GALINDE KENNETH,E,100,BRANTWOOD           ,B,ID4449126128929710001
GALINDE      , ENZNZELLE   ,GALINDE ENZNZELLE,E,100,BRANTWOOD           ,B,ID4449126128929710002
GALINDE      , LACHELLE    ,GALINDE LACHELLE,G,100,BRANTWOOD           ,B,ID4449126128929710003
GALINDE      , CHATYRA     ,GALINDE CHATYRA,M,100,BRANTWOOD           ,B,ID4449126128929710004
HILLEGASS    , JOHNNIE     ,HILLEGASS JOHNNIE,E,106,BRANTWOOD           ,B,ID4449126128932110001
HILLEGASS    , JENIA       ,HILLEGASS JENIA, ,106,BRANTWOOD           ,B,ID4449126128932110002
HILLEGASS    , HAILIE      ,HILLEGASS HAILIE,E,106,BRANTWOOD           ,B,ID4449126128932110003
HILLEGASS    , ROSE        ,HILLEGASS ROSE,C,106,BRANTWOOD           ,B,ID4449126128932110004
HILLEGASS    , JONIE       ,HILLEGASS JONIE,E,106,BRANTWOOD           ,B,ID4449126128932110005
HULLOWAY     , SCOTT       ,HULLOWAY SCOTT,C,107,ELDORADA            ,B,ID4449126128925510001
HULLOWAY     , JENNIFER    ,HULLOWAY JENNIFER,T,107,ELDORADA            ,B,ID4449126128925510002
JONES        , PRESPEU     ,JONES PRESPEU,J,7114,3RD                 ,B,ID444611540953       
JONES        , NAOMI       ,JONES NAOMI,K,7114,3RD                 ,B,ID444611540954       
JONES        , LUC         ,JONES LUC,M,7114,3RD                 ,B,ID444611540955       
KABEZA       , RONNY       ,KABEZA RONNY, ,512,WOODHAVEN           ,B,ID4449126128938810001
KABEZA       , KEN         ,KABEZA KEN,R,512,WOODHAVEN           ,B,ID4449126128938810003
KABEZA       , SHAWNA      ,KABEZA SHAWNA, ,512,WOODHAVEN           ,B,ID4449126128938810002
KEARNAY      , SHAMIKA     ,KEARNAY SHAMIKA,E,501,WOODHAVE            ,B,ID4449126128943810001
KEARNAY      , ASHLEY      ,KEARNAY ASHLEY, ,501,WOODHAVE            ,B,ID4449126128943810002
KEARNAY      , SHERMICE    ,KEARNAY SHERMICE, ,501,WOODHAVE            ,B,ID4449126128943810003
MASLIN       , ALMA        ,MASLIN ALMA,C,620,STARKEY             ,B,ID44461191152        
MITCHELL     , GEROME      ,MITCHELL GEROME,J,509,WOODHAVEN           ,B,ID4449126128940410001
MITCHELL     , DORETTA     ,MITCHELL DORETTA,M,509,WOODHAVEN           ,B,ID4449126128940410002
MONGUM       , ROBERT      ,MONGUM ROBERT,J,105,EL DORADO           ,B,ID4449126128926310001
MONGUM       , RAKIA       ,MONGUM RAKIA, ,105,EL DORADO           ,B,ID4449126128926310002
RAMOS        , SONYA       ,RAMOS SONYA,K,112,BRANTWOOD           ,B,ID4449126128935410001
RHOADS       , JEFFREY     ,RHOADS JEFFREY,C,110,BRANTWOOD           ,B,ID4449126128934710001
RHOADS       , HENRIETTA   ,RHOADS HENRIETTA, ,110,BRANTWOOD           ,B,ID4449126128934710002
RHOADS       , JANIE       ,RHOADS JANIE,M,110,BRANTWOOD           ,B,ID4449126128934710003
RHOADS       , JEANNE      ,RHOADS JEANNE, ,110,BRANTWOOD           ,B,ID4449126128934710004
RICHARDSONIII, EMMIT       ,RICHARDSONIII EMMIT,E,315,WOODHAVEN           ,B,ID4449126128946110001
RICHARDSONIII, TOMICA      ,RICHARDSONIII TOMICA,R,315,WOODHAVEN           ,B,ID4449126128946110002
RIVERA       , JOHN        ,RIVERA JOHN,U,104,BRANTONWOOD         ,B,ID4449126128931310001
RIVERA       , STEWART     ,RIVERA STEWART,K,104,BRANTONWOOD         ,B,ID4449126128931310002
RODRIGUEZ    , JOSHUA      ,RODRIGUEZ JOSHUA,V,101,EL DORADO           ,B,ID4449126128928910001
RODRIGUEZ    , RUBY        ,RODRIGUEZ RUBY,E,101,EL DORADO           ,B,ID4449126128928910002
SPINWATO     , SILYIA      ,SPINWATO SILYIA,M,301,71ST                ,B,ID444611541056       
STEWART      , FRED        ,STEWART FRED,A,505,WOODHAVEN           ,B,ID4449126128941210001
STEWART      , SHANTELL    ,STEWART SHANTELL,A,505,WOODHAVEN           ,B,ID4449126128941210002
STOPPY       , JEFFREY     ,STOPPY JEFFREY,F,102,BRANTWOOD           ,B,ID4449126128930510001
STOPPY       , FRANK       ,STOPPY FRANK,E,102,BRANTWOOD           ,B,ID4449126128930510005
STOPPY       , ELOUISE     ,STOPPY ELOUISE,F,102,BRANTWOOD           ,B,ID4449126128930510002
STOPPY       , QUIYINA     ,STOPPY QUIYINA,B,102,BRANTWOOD           ,B,ID4449126128930510003
STOPPY       , ALIE        ,STOPPY ALIE,A,102,BRANTWOOD           ,B,ID4449126128930510004
WILKS        , BENEDICT    ,WILKS BENEDICT,W,103,EL DORADO           ,B,ID4449126128927110001
WILKS        , STEVEN      ,WILKS STEVEN,M,103,EL DORADO           ,B,ID4449126128927110003
WILKS        , HARRIET     ,WILKS HARRIET,L,103,EL DORADO           ,B,ID4449126128927110002
WILLIAM      , CHARLEY     ,WILLIAM CHARLEY,A,510,WOODHAVEN           ,B,ID4449126128937010001
WILLIAM      , SHERRY      ,WILLIAM SHERRY,V,510,WOODHAVEN           ,B,ID4449126128937010002
WRIGHT       , BRYAN       ,WRIGHT BRYAN, ,307,WOODHAVEN           ,B,ID4449126128950310001
WRIGHT       , MAXINE      ,WRIGHT MAXINE,H,307,WOODHAVEN           ,B,ID4449126128950310002
YATES        , CHANSE      ,YATES CHANSE,E,403,WOODHAVEN           ,B,ID4449126128945310001
YATES        , ALFREDICA   ,YATES ALFREDICA,S,403,WOODHAVEN           ,B,ID4449126128945310002
